year,month,method,rows,joint_log_loss,multiclass_brier,joint_log_loss_minus_baseline,multiclass_brier_minus_baseline
2025,1,baseline,450194,0.5910671777716424,0.33551338798109814,0.0,0.0
2025,1,weather,450194,0.5581897467930013,0.31689841813930403,-0.03287743097864115,-0.018614969841794116
2025,1,rotation_structural,450194,0.5575072263246796,0.3159620673107737,-0.03355995144696278,-0.019551320670324446
2025,1,rotation_risk,450194,0.5574648282167292,0.3166319497244317,-0.03360234955491326,-0.01888143825666644
2025,1,ensemble,450194,0.5575072263246796,0.3159620673107737,-0.03355995144696278,-0.019551320670324446
2025,1,reconciled,450194,0.5575072263246796,0.3159620673107737,-0.03355995144696278,-0.019551320670324446
2025,2,baseline,420845,0.5417505368457468,0.32332733924396767,0.0,0.0
2025,2,weather,420845,0.5130976358268954,0.3075599724443811,-0.02865290101885143,-0.01576736679958657
2025,2,rotation_structural,420845,0.5134558010916938,0.3060841084414784,-0.028294735754053058,-0.017243230802489296
2025,2,rotation_risk,420845,0.5141122521304877,0.30788253196729914,-0.027638284715259087,-0.015444807276668526
2025,2,ensemble,420845,0.5134558010916938,0.3060841084414784,-0.028294735754053058,-0.017243230802489296
2025,2,reconciled,420845,0.5134558010916938,0.3060841084414784,-0.028294735754053058,-0.017243230802489296
2025,3,baseline,500143,0.5216563727247917,0.31230209045837687,0.0,0.0
2025,3,weather,500143,0.4962277040152707,0.29794547116151066,-0.025428668709520985,-0.014356619296866213
2025,3,rotation_structural,500143,0.49344923553749204,0.2962549204219002,-0.02820713718729967,-0.016047170036476655
2025,3,rotation_risk,500143,0.49632432486374606,0.29831821287042587,-0.025332047861045648,-0.013983877587950999
2025,3,ensemble,500143,0.49344923553749204,0.2962549204219002,-0.02820713718729967,-0.016047170036476655
2025,3,reconciled,500143,0.49344923553749204,0.2962549204219002,-0.02820713718729967,-0.016047170036476655
2025,4,baseline,490292,0.5082638607220262,0.3084596591580688,0.0,0.0
2025,4,weather,490292,0.49082892790703103,0.2983513216327338,-0.017434932814995197,-0.010108337525334965
2025,4,rotation_structural,490292,0.49034821578366133,0.2979507717685585,-0.017915644938364894,-0.01050888738951028
2025,4,rotation_risk,490292,0.49097885705949285,0.29857531546782484,-0.017285003662533382,-0.009884343690243935
2025,4,ensemble,490292,0.49034821578366133,0.2979507717685585,-0.017915644938364894,-0.01050888738951028
2025,4,reconciled,490292,0.49034821578366133,0.2979507717685585,-0.017915644938364894,-0.01050888738951028
2025,5,baseline,506343,0.558710347925044,0.3485492664374887,0.0,0.0
2025,5,weather,506343,0.5427398692630865,0.3372078052067979,-0.015970478661957555,-0.011341461230690797
2025,5,rotation_structural,506343,0.5419003591157375,0.3359771678687511,-0.01680998880930651,-0.012572098568737589
2025,5,rotation_risk,506343,0.5426281558664258,0.33718542941080376,-0.016082192058618272,-0.01136383702668492
2025,5,ensemble,506343,0.5419003591157375,0.3359771678687511,-0.01680998880930651,-0.012572098568737589
2025,5,reconciled,506343,0.5419003591157375,0.3359771678687511,-0.01680998880930651,-0.012572098568737589
2025,6,baseline,503142,0.6036378337727308,0.3786808890671349,0.0,0.0
2025,6,weather,503142,0.593499692525088,0.3707750502545822,-0.010138141247642785,-0.00790583881255269
2025,6,rotation_structural,503142,0.5913118754790496,0.36942144439448954,-0.012325958293681216,-0.009259444672645334
2025,6,rotation_risk,503142,0.5924939951721154,0.37068584389189246,-0.011143838600615408,-0.00799504517524241
2025,6,ensemble,503142,0.5913118754790496,0.36942144439448954,-0.012325958293681216,-0.009259444672645334
2025,6,reconciled,503142,0.5913118754790496,0.36942144439448954,-0.012325958293681216,-0.009259444672645334
2025,7,baseline,516990,0.6390773906223302,0.39302694483341033,0.0,0.0
2025,7,weather,516990,0.6246920765689443,0.38417087700986313,-0.014385314053385834,-0.008856067823547198
2025,7,rotation_structural,516990,0.6252127529052512,0.38358029211645744,-0.01386463771707891,-0.009446652716952886
2025,7,rotation_risk,516990,0.6267461837652022,0.38491911698905157,-0.012331206857127963,-0.008107827844358761
2025,7,ensemble,516990,0.6252127529052512,0.38358029211645744,-0.01386463771707891,-0.009446652716952886
2025,7,reconciled,516990,0.6252127529052512,0.38358029211645744,-0.01386463771707891,-0.009446652716952886
2025,8,baseline,493937,0.5424890530956208,0.3328813774991994,0.0,0.0
2025,8,weather,493937,0.5338015196009714,0.32682793228437834,-0.008687533494649347,-0.0060534452148210405
2025,8,rotation_structural,493937,0.5332091858133515,0.32615767469242,-0.00927986728226926,-0.006723702806779364
2025,8,rotation_risk,493937,0.5335114114118786,0.3267418034858222,-0.008977641683742155,-0.006139574013377169
2025,8,ensemble,493937,0.5332091858133515,0.32615767469242,-0.00927986728226926,-0.006723702806779364
2025,8,reconciled,493937,0.5332091858133515,0.32615767469242,-0.00927986728226926,-0.006723702806779364
2025,9,baseline,465892,0.45268896325121727,0.2699280362129955,0.0,0.0
2025,9,weather,465892,0.44698109174267275,0.26662194437266395,-0.005707871508544515,-0.0033060918403315376
2025,9,rotation_structural,465892,0.4463131984598081,0.26645856368191145,-0.006375764791409166,-0.003469472531084039
2025,9,rotation_risk,465892,0.4467878586158053,0.26655937417333714,-0.005901104635411991,-0.0033686620396583544
2025,9,ensemble,465892,0.4463131984598081,0.26645856368191145,-0.006375764791409166,-0.003469472531084039
2025,9,reconciled,465892,0.4463131984598081,0.26645856368191145,-0.006375764791409166,-0.003469472531084039
2025,10,baseline,504945,0.5027248272109252,0.3112622863540872,0.0,0.0
2025,10,weather,504945,0.49379226903405105,0.3062894035400474,-0.008932558176874106,-0.004972882814039792
2025,10,rotation_structural,504945,0.49291131852953163,0.3056197049429562,-0.009813508681393524,-0.005642581411130998
2025,10,rotation_risk,504945,0.4935699410222632,0.30622177729230715,-0.009154886188661948,-0.005040509061780052
2025,10,ensemble,504945,0.49291131852953163,0.3056197049429562,-0.009813508681393524,-0.005642581411130998
2025,10,reconciled,504945,0.49291131852953163,0.3056197049429562,-0.009813508681393524,-0.005642581411130998
2025,11,baseline,477509,0.5814454915365243,0.34140657910004646,0.0,0.0
2025,11,weather,477509,0.5688580622798097,0.3334791110172842,-0.012587429256714522,-0.007927468082762235
2025,11,rotation_structural,477509,0.5710495771338763,0.33300162818312207,-0.010395914402647977,-0.008404950916924392
2025,11,rotation_risk,477509,0.56980494925854,0.33298723076292525,-0.011640542277984278,-0.008419348337121213
2025,11,ensemble,477509,0.5710495771338763,0.33300162818312207,-0.010395914402647977,-0.008404950916924392
2025,11,reconciled,477509,0.5710495771338763,0.33300162818312207,-0.010395914402647977,-0.008404950916924392
2025,12,baseline,484585,0.6158651924902996,0.38700044269265776,0.0,0.0
2025,12,weather,484585,0.6033722393970742,0.37891835408421215,-0.0124929530932254,-0.008082088608445614
2025,12,rotation_structural,484585,0.6050641069730924,0.3790967139730272,-0.010801085517207154,-0.007903728719630576
2025,12,rotation_risk,484585,0.6041763668741443,0.3792649108810825,-0.011688825616155252,-0.007735531811575269
2025,12,ensemble,484585,0.6050641069730924,0.3790967139730272,-0.010801085517207154,-0.007903728719630576
2025,12,reconciled,484585,0.6050641069730924,0.3790967139730272,-0.010801085517207154,-0.007903728719630576
