accuracy,accuracy_delta_vs_meta,airport,joint_log_loss,joint_log_loss_delta_vs_meta,multiclass_brier,multiclass_brier_delta_vs_meta,n,role,selected_method
0.8265675241157556,-8.03858520900258e-05,ABQ,0.45424008214053285,0.0006037045375588135,0.26588599286291353,-6.986236261313783e-05,24880,origin,boundary_gated_ensemble
0.7786246754334534,0.001088868414440003,ALB,0.5404332630909164,0.0027303357103137804,0.3219222294523017,0.00020226414404167503,11939,origin,boundary_gated_ensemble
0.8241349275477077,-0.0002375484994853183,ANC,0.47160329422146097,0.00023039537007807365,0.2780498015390853,0.00029962506713615555,12629,origin,boundary_gated_ensemble
0.7569571334771598,0.00014257574336362655,ATL,0.5690808186613254,0.0013689805292601553,0.347720889725918,-0.0002058151250605711,266525,origin,boundary_gated_ensemble
0.774772368580794,0.00018210513536487394,AUS,0.5233886964814389,-0.00030939145493791287,0.32185888319869876,-0.0006892660625871239,82370,origin,boundary_gated_ensemble
0.7811456685995432,0.0004832191179054979,BDL,0.5252566625681542,0.0010397753175691582,0.3166076129884875,-0.00023757426266829418,22764,origin,boundary_gated_ensemble
0.794266137756942,6.010337780992803e-05,BHM,0.5203719850955735,0.0024698849334250372,0.30439560922612924,0.0002694575425032375,16638,origin,boundary_gated_ensemble
0.7728553239696432,0.0007819784053655354,BNA,0.529335137874029,-7.842224888654492e-05,0.32340227794284465,-0.001069118837707661,99747,origin,boundary_gated_ensemble
0.8386119764624438,0.0003894080996884597,BOI,0.42253160154625363,-0.000717154687106536,0.25119005281076884,-0.0004649300670976908,23112,origin,boundary_gated_ensemble
0.7560360282211427,0.0009108258154059135,BOS,0.5609063702700712,0.0014715739866789646,0.3426410835969898,-0.00040486821036489484,138336,origin,boundary_gated_ensemble
0.7772651418474527,-4.90821635417138e-05,BUF,0.5379535521811448,0.002191865450382191,0.3220645195597344,0.000364205695224995,20374,origin,boundary_gated_ensemble
0.8218311517884181,0.00010094552306605387,BUR,0.48231078697503627,-0.00010521043510725026,0.27836531733075104,-0.0005604621015003475,29719,origin,boundary_gated_ensemble
0.7759735944353374,-0.0003655132692392815,BWI,0.5319757158477474,0.001286802827608624,0.32172956209291975,-6.483949093422092e-05,90284,origin,boundary_gated_ensemble
0.7768584835761917,0.0001234872808101306,CHS,0.5537784140378216,0.0020999861179175072,0.32562250133816406,-0.0004482808414810746,24294,origin,boundary_gated_ensemble
0.7896635836975302,0.0007114544160992109,CLE,0.5198782895781834,0.0013344493200238006,0.30800043518168607,-0.00011377472059170834,39356,origin,boundary_gated_ensemble
0.7516170437671457,6.921199003340206e-05,CLT,0.5762031206777604,0.0016447243539025047,0.35361741501734023,-0.00011039160960640837,158932,origin,boundary_gated_ensemble
0.789478514235896,-0.0003211966870856342,CMH,0.5119334802263893,0.0009589307918075329,0.30631465281895653,-0.00018353051493485983,43587,origin,boundary_gated_ensemble
0.7721101480401933,0.0,COS,0.5473793935809105,0.001079367907526274,0.33136260579652915,-0.000326466921641122,13037,origin,boundary_gated_ensemble
0.774980534648326,0.0001622112639501072,CVG,0.5402865336787963,0.0012847819852800368,0.3259577951625598,-5.6990837625281454e-05,30824,origin,boundary_gated_ensemble
0.7564624403875946,0.0002126302360195842,DAL,0.5568956689448816,0.0018800490192298902,0.34035360658248937,0.00038501975642929454,65842,origin,boundary_gated_ensemble
0.7810103147315525,0.0013224014810896412,DAY,0.5504112352038594,0.0010666045073494113,0.3216708399385532,-0.0007025327819180083,7562,origin,boundary_gated_ensemble
0.7181688912631885,0.0006913401786485807,DCA,0.6560128711837576,0.006385198469181619,0.3928719020226827,0.0004795066718666918,127289,origin,boundary_gated_ensemble
0.7533559255116141,0.00044827926564450227,DEN,0.5428981198468031,-0.00034654494290531357,0.3428527179014525,-0.0004050143744736001,243152,origin,boundary_gated_ensemble
0.6970281378438191,3.6132062689042677e-05,DFW,0.6701707428371402,0.004269877853507187,0.40975246009495425,0.0007162671614124316,221410,origin,boundary_gated_ensemble
0.786962266921157,0.00029364263691089576,DSM,0.539948272578532,0.0025659813579349544,0.3170313127177243,-0.00013889079060735998,13622,origin,boundary_gated_ensemble
0.7818945971354311,0.00040553742926141556,DTW,0.5230696135236419,0.0001137694149515589,0.3191370001447303,-0.00047801109822720456,108498,origin,boundary_gated_ensemble
0.8176340750462328,0.00017896557895358267,ELP,0.4743157607209311,0.0006238245312366053,0.2785690174076502,0.00010304499516106125,16763,origin,boundary_gated_ensemble
0.7377011716518269,-0.0003779522022308024,EWR,0.612806847682147,0.004573414800117526,0.3695713502272203,0.0007769518758188876,113771,origin,boundary_gated_ensemble
0.8140417457305503,0.0003795066413662118,FAT,0.47658757093970106,-0.0002493787177461626,0.28547921771929446,-0.0005160458046081784,13175,origin,boundary_gated_ensemble
0.7583575269805103,0.00028174880256759405,FLL,0.5522607530420659,2.7581650360986032e-05,0.33946475037004514,-0.0006165381284188309,81633,origin,boundary_gated_ensemble
0.8383471259226124,0.0,GEG,0.42622803955653116,-0.0007153706367462598,0.2527363259174806,-0.00048679832240827725,17884,origin,boundary_gated_ensemble
0.7724583109198494,-0.00041838503376967484,GRR,0.5400279035550202,-0.0007064214913293787,0.3264584516003347,-0.0013018777918088476,16731,origin,boundary_gated_ensemble
0.7978943225425563,-9.839614287121545e-05,GSO,0.5333705144360743,0.0032287601035727587,0.30437327379231116,0.0002120237748858278,10163,origin,boundary_gated_ensemble
0.8014754218099481,7.304068366076333e-05,GSP,0.5091118471603743,0.0022427033686607256,0.295268580092854,3.3196480629660297e-05,13691,origin,boundary_gated_ensemble
0.8468340099937539,0.0,HNL,0.4314559798750432,-0.00044548960338708365,0.2474076040783116,-0.00042371655984144163,51232,origin,boundary_gated_ensemble
0.7842260432537248,0.0006529610795622531,HOU,0.5188712736730532,0.0011576725230226792,0.31394669941642345,-0.00019306285700620984,50539,origin,boundary_gated_ensemble
0.7586937674597823,0.0003853193333975824,HPN,0.5800928398243437,0.00495172897506857,0.3438843969711797,0.0004342050131473374,10381,origin,boundary_gated_ensemble
0.7888856272703922,0.0005320515172640983,IAD,0.5084316518344217,1.577571785060794e-05,0.3095308048313981,-0.0003962119974502132,54506,origin,boundary_gated_ensemble
0.7707810198011545,0.00028724182982309276,IAH,0.5451786374215417,0.0006772896965985264,0.3327907693021549,-0.00031428643247466415,107923,origin,boundary_gated_ensemble
0.7616883116883116,0.0005565862708719616,ICT,0.5819499209304329,0.004692795327888688,0.3465932173481052,4.151427046494849e-05,10780,origin,boundary_gated_ensemble
0.796866748811829,0.0004180602006689238,IND,0.5044606100518436,4.473173586194701e-05,0.2990633213469793,-0.0006578818157274569,45448,origin,boundary_gated_ensemble
0.7895650287449831,-0.00032541490400261885,JAX,0.520034428374837,0.0020256064576819055,0.3057021057062897,0.00020652822420447192,27657,origin,boundary_gated_ensemble
0.7463319464075969,-0.0003981604984969467,JFK,0.5854535723806358,0.003600810031396229,0.35696487468026844,0.0008563365301096915,100462,origin,boundary_gated_ensemble
0.8676291305742702,0.0,KOA,0.4053112332970794,-0.0001696438858292404,0.2228273164857837,-0.00034497093238969323,15585,origin,boundary_gated_ensemble
0.7872544488097989,0.00016755257684297753,LAS,0.5072015610411299,-0.0001687803561426504,0.31072681955520554,-0.0003232734890289968,173080,origin,boundary_gated_ensemble
0.819065560574214,0.00020683332587978498,LAX,0.467834005818295,-0.00045079205658365984,0.27934813614865955,-0.0005340681047039664,178888,origin,boundary_gated_ensemble
0.7220542171004293,0.00047952357013036906,LGA,0.6285026593464919,0.005249208277222417,0.38146145003530074,0.0007025803585060664,129295,origin,boundary_gated_ensemble
0.8592623993217465,0.0,LGB,0.3973581944933064,-0.0007098929857419778,0.22861549976520393,-0.0004575648840731139,16513,origin,boundary_gated_ensemble
0.8557480925901979,-6.465795939469832e-05,LIH,0.4258319721404947,-0.0002739083848097845,0.23923784817851246,-0.0003800004175280314,15466,origin,boundary_gated_ensemble
0.7682907348242811,-7.987220447291943e-05,LIT,0.5598307572561279,0.0022000264061907693,0.3343902220310476,-9.580106152534684e-05,12520,origin,boundary_gated_ensemble
0.8081025641025641,-0.00041025641025638215,MAF,0.5032245965824913,0.0010022631131226811,0.29389670906857635,-7.333960285493824e-05,9750,origin,boundary_gated_ensemble
0.7838066797975306,-0.00010589406357874864,MCI,0.5217779666739817,0.000798425606602482,0.3142931501359615,-0.00037972208455588907,47217,origin,boundary_gated_ensemble
0.762829707546418,0.0005179695593273692,MCO,0.5381354258010653,-0.0003424232908827429,0.33224287168940836,-0.0006049513152524,150588,origin,boundary_gated_ensemble
0.7758367483950376,4.195980250920606e-05,MDW,0.5210285576007088,-8.846295133480009e-05,0.31882804281247773,-0.0008868683940713717,71497,origin,boundary_gated_ensemble
0.7908085106382978,0.0001276595744680309,MEM,0.5260446695199402,0.0010710021231020717,0.312486984514552,-0.00014188354779015588,23500,origin,boundary_gated_ensemble
0.7364993449301418,-0.00039208560854553376,MIA,0.5841524042963091,0.0003657854912620939,0.3654104914737929,-0.00039984722017644136,104569,origin,boundary_gated_ensemble
0.7864518491395094,0.000695715854998169,MKE,0.5248335398730579,0.000792137933942394,0.3134193041888758,-0.0009527688579914484,27310,origin,boundary_gated_ensemble
0.7867110688233429,0.0005550269584522205,MSN,0.5308696998645794,0.0007896230076573918,0.31552229466925985,-0.0005707381307630266,12612,origin,boundary_gated_ensemble
0.7920833242161003,0.0003282203890505597,MSP,0.5002247283767174,-4.953092544701665e-05,0.30577765282919434,-0.0005840024659907184,91402,origin,boundary_gated_ensemble
0.7747897826431858,0.00017848643503093342,MSY,0.5481833370997056,0.0021454484716125766,0.3277193448897568,-9.65111216992276e-05,50424,origin,boundary_gated_ensemble
0.7760074251682265,7.734550235904969e-05,MYR,0.5573097456566509,0.0020929865958749794,0.32612448214939593,-0.00031886082779114533,12929,origin,boundary_gated_ensemble
0.8256243801280317,-6.0108796922420105e-05,OAK,0.4423523900398681,-0.000265510269364555,0.2634849190006618,-0.00038789630124669294,33273,origin,boundary_gated_ensemble
0.853125754284335,0.0,OGG,0.42834376754130654,-0.000260427267922414,0.24200549252469472,-0.0002819584447099066,24858,origin,boundary_gated_ensemble
0.7874747644683715,0.0007150067294751095,OKC,0.5261861924667025,0.0015687966412163412,0.31542649937459505,-3.932834639686078e-05,23776,origin,boundary_gated_ensemble
0.8047910723275717,0.0005873468702802809,OMA,0.49415890832249937,0.0009346660018046404,0.2922382506357451,-0.000489827762346573,23836,origin,boundary_gated_ensemble
0.8249912902101962,0.0001935508845275491,ONT,0.4557679121747633,-0.00042784176905757976,0.2676250484790008,-0.0006075647331288958,25833,origin,boundary_gated_ensemble
0.744579228744335,0.0007055822410377832,ORD,0.580188324018092,0.0012445038049671009,0.35781764098167823,-0.0008016751604620342,257943,origin,boundary_gated_ensemble
0.7746385326725591,-0.000357635518316024,ORF,0.5581978116026662,0.0023617283430621416,0.3304339781537326,2.3755453537499527e-05,19573,origin,boundary_gated_ensemble
0.7466930050442696,-0.0001058238385833743,PBI,0.5702015171319385,0.0019831260268183826,0.34965578143431914,0.0001434141814090073,28349,origin,boundary_gated_ensemble
0.8182806475174534,0.00018684921268541377,PDX,0.4754482508988726,-0.0005447218254495678,0.28384577174964387,-0.000474343248320408,58871,origin,boundary_gated_ensemble
0.7347589651556267,-0.00040001297339375963,PHL,0.606441218851577,0.0029152887284845663,0.3721179562331556,0.00046563679668704117,92497,origin,boundary_gated_ensemble
0.7963416300412178,5.12376744926657e-05,PHX,0.5008390190015817,-0.0005701329975660308,0.305425007291113,-0.0005899096502586798,175652,origin,boundary_gated_ensemble
0.8030146155883557,-9.631359707196196e-05,PIT,0.4928016630457054,0.0015069554577903932,0.2909894751819784,4.083300327251127e-05,41531,origin,boundary_gated_ensemble
0.7897690009473147,0.0005100925453618288,PNS,0.5469224206691327,0.0012287743560317477,0.31568504201969266,-0.00020758291963945963,13723,origin,boundary_gated_ensemble
0.8106060606060606,0.0003443526170798794,PSP,0.48046641037516635,-0.00026668944937618955,0.29100380252401975,-0.00034946794463058817,14520,origin,boundary_gated_ensemble
0.7758506990240043,0.00013189132155111416,PVD,0.5440263297617421,0.0031652445031273846,0.3243255383388254,0.00015756467407418429,15164,origin,boundary_gated_ensemble
0.7740357478833491,-0.000564440263405408,PWM,0.5504391703136704,0.00242795026958309,0.32712822599530594,0.0003734658988166495,10630,origin,boundary_gated_ensemble
0.7847050867284459,1.8277860028170778e-05,RDU,0.5244795262436114,0.0013964532496683058,0.31239666448113035,-0.00012014161095874609,54711,origin,boundary_gated_ensemble
0.7695863052781741,-5.7061340941522154e-05,RIC,0.5501434158806742,0.0023679577349244862,0.3287006101918033,0.00015653934676584935,17525,origin,boundary_gated_ensemble
0.8113444971445165,-0.00019359210144220818,RNO,0.4842413570915949,-0.0008454826015263928,0.2851458025561048,-0.0006368843976060079,20662,origin,boundary_gated_ensemble
0.7648779503732096,0.002118216663304473,ROC,0.5621815720425777,0.0009103307221138834,0.3378178355039244,-0.00034243418296092676,9914,origin,boundary_gated_ensemble
0.7869848668102304,0.0003244933478863121,RSW,0.5147495959765185,0.0007112500072298245,0.3092705609898343,-0.00021797748695029373,33899,origin,boundary_gated_ensemble
0.7763859015791009,-5.4041785108260854e-05,SAN,0.5361224920017966,0.00017818450750117787,0.3260431452595657,-0.00037938472519993827,92521,origin,boundary_gated_ensemble
0.8151891983613313,0.00024240661285235277,SAT,0.4761297737932925,0.0005669439792883035,0.280030620624916,-0.0001151306743017444,41253,origin,boundary_gated_ensemble
0.7772120692427247,0.00026796720081456726,SAV,0.5530214486051093,0.0023458588769751376,0.3240195825580116,-0.00020503026094231824,18659,origin,boundary_gated_ensemble
0.7957933612574877,0.00022519479349636384,SDF,0.5214499846753998,0.0015024832123886611,0.3038060176226493,-0.00012515158426484874,22203,origin,boundary_gated_ensemble
0.7723066526919682,-6.895410414831105e-05,SEA,0.5347732055742027,0.0005351199232264126,0.3310545734234885,0.00017897962204599382,145024,origin,boundary_gated_ensemble
0.7971290543083387,3.840216280981412e-05,SFO,0.4968998310441084,-1.5325198131910245e-05,0.30261271029576153,-0.00030997107343078145,130201,origin,boundary_gated_ensemble
0.8355721062197987,0.0,SJC,0.4325060262540686,-0.0007574609505937024,0.2544710275491289,-0.0006247847837313469,45114,origin,boundary_gated_ensemble
0.7826036329762459,0.0007277596646483309,SJU,0.5282137065094913,-0.001211251999728824,0.32448992874052995,-0.0009099618451983149,34352,origin,boundary_gated_ensemble
0.8230275844722059,0.00017816718370089468,SLC,0.4562259425726109,-0.00029910555428380725,0.27337967411861974,-0.00039400905219844073,95416,origin,boundary_gated_ensemble
0.8242736313125951,0.0002831156881480945,SMF,0.4504513887579015,-0.0009138581224283904,0.2684987829926107,-0.0007640055602708418,56514,origin,boundary_gated_ensemble
0.8121653708273197,-2.3278551143035564e-05,SNA,0.48820834788703305,-0.0008116813824366464,0.289038937789423,-0.0009550771373087463,42958,origin,boundary_gated_ensemble
0.7829930776486387,-0.0001758565010950841,STL,0.5181074187791799,0.0012952818237681463,0.31367501975915263,-2.3662137687674445e-05,62551,origin,boundary_gated_ensemble
0.7581271723573911,-0.0017378859129012492,SYR,0.5831076089075057,0.0020731453990827653,0.34927902901007607,-0.00035360424054659,9782,origin,boundary_gated_ensemble
0.7767879173538693,0.0005064737737490166,TPA,0.5254230048136307,0.00031009296737494196,0.3200967966646137,-0.0003729803498344064,77003,origin,boundary_gated_ensemble
0.7944574030878596,0.0003332222592469236,TUL,0.5236607304840983,0.001966642089374915,0.3073291684777959,-0.0001675788804219036,18006,origin,boundary_gated_ensemble
0.8384630858982096,0.000352041842687556,TUS,0.44162645300927805,8.819952208499737e-05,0.2552684905024055,-0.00033302643786292663,19884,origin,boundary_gated_ensemble
0.7541242541242541,0.0007020007020006602,TYS,0.5835255359691942,0.0015239850965225177,0.3511508359806627,-0.0008617211815526993,11396,origin,boundary_gated_ensemble
0.7715799056525697,0.00033104361499625146,XNA,0.5636223514817686,0.0011098335663091152,0.3364791510417068,-0.00017464224068047818,12083,origin,boundary_gated_ensemble
0.7894525606036282,0.00024080911863866294,ABQ,0.5048778724992505,0.000890899823708935,0.307613539597868,8.261891731137228e-05,24916,destination,boundary_gated_ensemble
0.7458392573387974,0.0,ALB,0.5801223268335897,0.0031915013549725924,0.35783563261015516,0.0002942412029014463,11957,destination,boundary_gated_ensemble
0.7401443642420877,0.00015864202427229301,ANC,0.5758041746600076,0.0006509288078155873,0.36641240604110203,0.0005327436113791162,12607,destination,boundary_gated_ensemble
0.8023061591414963,0.00016890814024639322,ATL,0.5069500553041275,0.001667616730168242,0.29612508801535203,-0.00012513938519304046,266417,destination,boundary_gated_ensemble
0.7715107948612089,8.499890715685243e-05,AUS,0.5266440608754923,0.00021278257972834336,0.3262283280640829,-0.0001504768275013002,82354,destination,boundary_gated_ensemble
0.7614851832368928,-8.767315448010571e-05,BDL,0.5505927546374643,0.001418657996159145,0.3393185247675994,-2.7165503532655677e-05,22812,destination,boundary_gated_ensemble
0.7609556969624205,-6.003121623243679e-05,BHM,0.5677158560759688,0.00294760763391122,0.3423328530438149,0.0004165699204043416,16658,destination,boundary_gated_ensemble
0.7722580580439995,7.022260565991978e-05,BNA,0.5280269079243787,0.0001574413678843145,0.32330055293438653,-0.0007362881720905934,99683,destination,boundary_gated_ensemble
0.8100877382547435,-0.0001296624454337758,BOI,0.469562342572406,-0.00011961181381087149,0.28748948108568145,-2.5213083711617124e-05,23137,destination,boundary_gated_ensemble
0.7421574638439067,-0.00010819778555193338,BOS,0.579379366500561,0.0013596007602941773,0.35838071616314343,-0.00030670349144146236,138635,destination,boundary_gated_ensemble
0.7345106696100073,0.0008339465293107917,BUF,0.5950901662144845,0.0035703299037238567,0.36789637600793695,0.0005919647398580641,20385,destination,boundary_gated_ensemble
0.7940670824203607,0.00016854879487615548,BUR,0.5144837909864118,0.0007687430819751651,0.30773332516609414,-0.00011359425555990121,29665,destination,boundary_gated_ensemble
0.796202335320054,4.4313473511525814e-05,BWI,0.5012599327349798,0.001105983221023843,0.2966097148560853,-0.00027337152249456986,90266,destination,boundary_gated_ensemble
0.7523750771128933,-0.0004523956405511065,CHS,0.5882424952342181,0.004073710229430816,0.3535050273818943,0.0004231908145732599,24315,destination,boundary_gated_ensemble
0.7655630477056342,0.000555597646286321,CLE,0.554405046664548,0.0013789410727600426,0.33604590900500464,1.6429298265174808e-05,39597,destination,boundary_gated_ensemble
0.7977737831858407,-6.913716814160864e-05,CLT,0.5161445494393726,0.0004753741086038765,0.30365244968581473,-0.0005103416819329243,159104,destination,boundary_gated_ensemble
0.7625148986889154,0.00043550013752635675,CMH,0.5518175850985924,0.00109187481325701,0.33887469429652384,-0.00016318593369946122,43628,destination,boundary_gated_ensemble
0.7451897278650824,-0.0009965504024530558,COS,0.5757583784294484,0.001163300131453826,0.3558483301147014,-0.00013360260358441511,13045,destination,boundary_gated_ensemble
0.7487609730815328,-0.00032392860613528196,CVG,0.5786029556217667,0.0009787800817850911,0.3564425374238994,-2.4900143010653242e-05,30871,destination,boundary_gated_ensemble
0.7842865624381555,0.00033491147680730915,DAL,0.5211030856886596,0.001611569341827046,0.3109791533567642,0.00036856542196395115,65689,destination,boundary_gated_ensemble
0.7256788821513314,0.001186395992617939,DAY,0.6171483408358007,0.003970580266970947,0.3763368430090227,-9.287540639058012e-06,7586,destination,boundary_gated_ensemble
0.7071129707112971,0.0012449865651766867,DCA,0.6653778089207905,0.005541145091614408,0.40214215032412404,-0.00019729424168002385,126909,destination,boundary_gated_ensemble
0.7708784031580812,0.0005398077295521997,DEN,0.5211180196787202,-0.0006685583789222127,0.32398523359216114,-0.0007835337385176944,242679,destination,boundary_gated_ensemble
0.734792118574605,0.00012679838603768534,DFW,0.6356402135217523,0.002870300518953872,0.3782373438196104,0.0002636836462704406,220823,destination,boundary_gated_ensemble
0.7513941884355738,0.00014675667742880538,DSM,0.5880155521283482,0.0029291210633582976,0.35446688130411697,0.00022066483064547837,13628,destination,boundary_gated_ensemble
0.8004087381590212,0.00034982094691005106,DTW,0.4962777245014554,0.000582244503308571,0.2976515548312083,2.810852290124899e-05,108627,destination,boundary_gated_ensemble
0.7724754244861484,0.0005361930294905948,ELP,0.529949849563733,0.001300789935272273,0.3253390109649341,0.00047316964838439723,16785,destination,boundary_gated_ensemble
0.7250700206098398,-0.00029945921189389324,EWR,0.6193543041119436,0.004678699315213808,0.3771085267343243,0.0005628590152245705,113538,destination,boundary_gated_ensemble
0.7991213452507195,-0.0003029843963036072,FAT,0.49086621290451127,0.0007194003161365425,0.29877345703730085,-5.533569978677377e-05,13202,destination,boundary_gated_ensemble
0.7560632215570329,-7.345649539058918e-05,FLL,0.5601206997697193,0.0009468358052467929,0.3447034749990597,-2.3549224718366624e-05,81681,destination,boundary_gated_ensemble
0.7926182366407951,0.0005583784689262572,GEG,0.4970808665477377,-0.00025395799317157186,0.3076164417210388,-0.0001715417334549607,17909,destination,boundary_gated_ensemble
0.7547744091668656,-0.0008355216042015279,GRR,0.5665981944213431,0.0016808338697452685,0.3484884974877778,0.00011293588518557218,16756,destination,boundary_gated_ensemble
0.7482297403619197,0.000295043273013329,GSO,0.5963110147827756,0.004864369959955428,0.35587895917194867,0.0007754803375218389,10168,destination,boundary_gated_ensemble
0.7440402420354305,-0.0002916089523947729,GSP,0.5912991276826077,0.004473443647274422,0.36035881091669475,0.000916258326035646,13717,destination,boundary_gated_ensemble
0.8307502882717377,9.771923309953578e-05,HNL,0.4559238389469759,0.00010275955304267503,0.26635869105850485,-7.950978109461104e-06,51167,destination,boundary_gated_ensemble
0.787740055889173,0.0001981885565927044,HOU,0.5037923120013178,0.001241963215719788,0.30416596498605386,3.5554903856094278e-06,50457,destination,boundary_gated_ensemble
0.7385538670022264,-0.00038718420288441635,HPN,0.6053651608315015,0.005331635863863093,0.36817133452991124,0.00023154274535247543,10331,destination,boundary_gated_ensemble
0.8081089502721924,0.00034825961838080843,IAD,0.4801680065255712,-0.0004386761616091972,0.287177480996949,-0.0006294262755980329,54557,destination,boundary_gated_ensemble
0.787698155186799,7.416334476695319e-05,IAH,0.520340308968515,0.000868097640990273,0.31206347894503694,-8.599227085731576e-05,107870,destination,boundary_gated_ensemble
0.7443783683330236,0.0,ICT,0.59991911188887,0.004132036981170928,0.36598101366622593,0.0002907888014158644,10762,destination,boundary_gated_ensemble
0.7668169323804288,-0.00021990104452995762,IND,0.5506457327338774,0.0015784483061218602,0.33457077975446076,0.00013423971455683859,45475,destination,boundary_gated_ensemble
0.7467485549132948,-0.0009031791907514464,JAX,0.5808400805498943,0.0024131117580536987,0.35573310794989293,0.000318260558623662,27680,destination,boundary_gated_ensemble
0.7673729869870868,-0.00025926110584839623,JFK,0.5591950775882186,0.0031880139489992576,0.3351652234741925,0.0006171398229560809,100285,destination,boundary_gated_ensemble
0.8577486507324595,-0.00019275250578254521,KOA,0.4106836008051156,-0.00022080009048691673,0.23379071876513033,-0.00019708917353050692,15564,destination,boundary_gated_ensemble
0.7883299682722815,0.00024805307182007574,LAS,0.5031933686421564,-0.00034455071499395196,0.3087452815044772,-0.000568702325478676,173350,destination,boundary_gated_ensemble
0.809421494982867,-0.00010603506970408016,LAX,0.4754639040002108,8.017696655326922e-05,0.28645692437466985,-0.00024396949134686263,179186,destination,boundary_gated_ensemble
0.7291466476550634,0.00011623942221261618,LGA,0.6207457960691116,0.004744806113655797,0.37500015054796226,0.0004965606392957067,129044,destination,boundary_gated_ensemble
0.8291575889615105,0.00024207213749694034,LGB,0.44509048590706,-0.0006302600579487505,0.26624729629655397,-0.00045059706631750407,16524,destination,boundary_gated_ensemble
0.8662395651329838,-6.47123535884031e-05,LIH,0.4018846622441257,3.322021894669458e-05,0.22491597468526123,-0.0001088723808953529,15453,destination,boundary_gated_ensemble
0.7529966437589899,0.0004794630014383072,LIT,0.5841129740350547,0.003439374923366545,0.351450567111364,0.0004158499306680663,12514,destination,boundary_gated_ensemble
0.7698461538461538,0.00020512820512819108,MAF,0.5516436985161187,0.001550325447248313,0.3352336656474151,0.0001216696522765015,9750,destination,boundary_gated_ensemble
0.766533172292501,-0.00031784374801357984,MCI,0.5462260214511705,0.002168125459947934,0.3342336559446601,8.230846252216262e-05,47193,destination,boundary_gated_ensemble
0.7650263409961686,0.00025941890166036874,MCO,0.5402340073629034,-0.00011436936559749977,0.33282520633467966,-0.0005173700840460649,150336,destination,boundary_gated_ensemble
0.7972170894227001,-8.3991264908434e-05,MDW,0.4963872889826897,0.0010517912886600644,0.2971188559376314,-0.00013847321594118167,71436,destination,boundary_gated_ensemble
0.7514986607712257,0.00029760639428599855,MEM,0.5778101116343465,0.003026567179623574,0.35369129447692293,0.00043393398488295043,23521,destination,boundary_gated_ensemble
0.7644844094909553,0.00022934245606653914,MIA,0.5522015199574118,0.0009899090583760373,0.33832408961854243,2.7262270081096496e-05,104647,destination,boundary_gated_ensemble
0.7570513993049204,3.658313517462819e-05,MKE,0.5640667761768356,0.0023350613017444344,0.34596155110996646,0.0001611015654815473,27335,destination,boundary_gated_ensemble
0.7447397563676633,-0.00047460844803037805,MSN,0.5906219611926375,0.0031644703212702074,0.36412664103582487,0.0008292122162265048,12642,destination,boundary_gated_ensemble
0.8045288627570982,0.00038250530043060227,MSP,0.48379750387520104,6.21002981636698e-05,0.29268040295235587,-0.00041401437548710396,91502,destination,boundary_gated_ensemble
0.7651348512771734,0.00021798149138974043,MSY,0.560555950095718,0.0022751396772496824,0.3387745108432222,-9.412309650680406e-06,50463,destination,boundary_gated_ensemble
0.7585326213141398,-0.00046436034362662415,MYR,0.5810002354104471,0.003232810051020052,0.34883483513994157,0.00020996428205916073,12921,destination,boundary_gated_ensemble
0.8096310306523762,0.00036026299198410605,OAK,0.46236538969635155,-0.00033554347433062404,0.278154212964759,-0.000394755845593564,33309,destination,boundary_gated_ensemble
0.8725588886651903,4.0265753976309604e-05,OGG,0.38682612455033744,1.8413755177193458e-05,0.21491217919574507,-3.5503848286350115e-05,24835,destination,boundary_gated_ensemble
0.7579599056603774,0.00016846361185984815,OKC,0.5619503046976304,0.0020405358316426536,0.3450175443533902,0.0001970558205124373,23744,destination,boundary_gated_ensemble
0.7672525905105508,-0.0006712254058816036,OMA,0.5392405944165892,0.0011791590242798966,0.3324006378669584,-4.4388307240739167e-05,23837,destination,boundary_gated_ensemble
0.7822134540249893,-3.868322308619998e-05,ONT,0.5089139882225647,0.0007105003583623981,0.3125581688411483,-3.538725129509368e-05,25851,destination,boundary_gated_ensemble
0.7529158136360816,0.0013958682300390102,ORD,0.5707665533757206,-0.0007542613450767233,0.348739961084302,-0.0018689315153466723,257904,destination,boundary_gated_ensemble
0.7442514052120592,-0.0007153806847215449,ORF,0.5974686044280777,0.0032649617321496294,0.36411122553641784,0.00038625656063173697,19570,destination,boundary_gated_ensemble
0.7235594713656388,0.0002819383259912156,PBI,0.6084204610890628,0.0017520242571115174,0.38085457792370475,5.8814144913599264e-05,28375,destination,boundary_gated_ensemble
0.804508217574925,0.00025441408436377433,PDX,0.4819645821870404,-4.8205514113053294e-05,0.29144177146155703,-0.0002859305937813472,58959,destination,boundary_gated_ensemble
0.7533578984904314,0.00016208681369733746,PHL,0.5809193471251148,0.002085620230865115,0.35132590341442166,5.36368919973329e-06,92543,destination,boundary_gated_ensemble
0.7960210043635826,0.00014791805339842146,PHX,0.5030773551344461,-0.00027573517840395745,0.3050175218580956,-0.00036534357410866747,175773,destination,boundary_gated_ensemble
0.7682149472013086,-0.0002645948091308803,PIT,0.5439752735430716,0.0019087822123902143,0.33199418076025805,0.00025837364663766627,41573,destination,boundary_gated_ensemble
0.7535365320110836,0.0006562636721598736,PNS,0.5885110694173817,0.00288044665353826,0.3511653736076572,2.2646498846312646e-05,13714,destination,boundary_gated_ensemble
0.8047068538398018,-0.00027525461051480793,PSP,0.48530191971795833,0.0003255158576592754,0.2954690690162922,1.747231126958404e-05,14532,destination,boundary_gated_ensemble
0.74729694092827,0.0002637130801688148,PVD,0.5743687937465617,0.0022374406512885026,0.3543539828235306,-3.7225327580658885e-05,15168,destination,boundary_gated_ensemble
0.7625082136487374,-0.0007509621702807001,PWM,0.5668014685626159,0.004934989211120566,0.3436019028164064,0.0010463581611668271,10653,destination,boundary_gated_ensemble
0.7655996055587005,0.0005113127956026808,RDU,0.5511147380626258,0.0012618094229610577,0.3361148679559606,-0.00013278256707621727,54761,destination,boundary_gated_ensemble
0.744411496350365,0.0005702554744525523,RIC,0.5831272096149701,0.0021198918053447757,0.3580154984288311,0.000312666315141541,17536,destination,boundary_gated_ensemble
0.7940705517007133,0.00019408996069680828,RNO,0.5050281578693565,0.0007741924770927611,0.30491958036317285,0.0001181093410936862,20609,destination,boundary_gated_ensemble
0.7411859783816547,0.00020204061016260155,ROC,0.5967273371200378,0.004068275303498292,0.3656687944624751,0.0006772043336534805,9899,destination,boundary_gated_ensemble
0.7706205349235402,5.9042333353076515e-05,RSW,0.5409110273731234,0.0011641232854712191,0.3300979957346846,-7.458949375110935e-05,33874,destination,boundary_gated_ensemble
0.7531455378761674,-0.00017295053614663214,SAN,0.5629932692768796,2.4889172428488315e-05,0.3503286371948641,-0.00032084058734577203,92512,destination,boundary_gated_ensemble
0.7711269310862512,-9.685699065331566e-05,SAT,0.5335588886715374,0.0010257182434324497,0.3279441809774816,6.350838740848408e-05,41298,destination,boundary_gated_ensemble
0.7515002143163309,0.00021431633090440716,SAV,0.5928662897157886,0.0042203022240533405,0.3562053574203912,0.0003309644618623153,18664,destination,boundary_gated_ensemble
0.7656278148081427,0.0001801477211312852,SDF,0.5669623057743038,0.0017657073746579766,0.3402210457792758,0.0001299721451651914,22204,destination,boundary_gated_ensemble
0.7799921521653828,0.0005989136944714035,SEA,0.5265335349911701,-0.000418960645355515,0.3217654275766585,-0.0005168637956290967,145263,destination,boundary_gated_ensemble
0.7621888563409659,0.0003374077879851889,SFO,0.5437844203992891,-0.0015565792610668927,0.34015660054899016,-0.0014710231950916253,130406,destination,boundary_gated_ensemble
0.8175476670283677,2.2144960914127765e-05,SJC,0.4584611887988099,-0.00011759993553644987,0.2755297531854591,-0.000294760435069652,45157,destination,boundary_gated_ensemble
0.7342683851402577,0.0011080655508252102,SJU,0.5768683486462955,-0.0010007312583082406,0.3687321248043191,-0.0008144338015625419,34294,destination,boundary_gated_ensemble
0.8310485054290865,0.00015721292919124163,SLC,0.4373741519594595,-0.0002705456517392846,0.25980021558542754,-0.00039165404746160926,95412,destination,boundary_gated_ensemble
0.8059836007634127,-8.83579557503511e-05,SMF,0.4728111975529412,9.8934290657271e-05,0.2877737637575318,-0.0001282226548673937,56588,destination,boundary_gated_ensemble
0.8115915020499441,0.0004426015654118709,SNA,0.4908688786665438,0.0003234831657738524,0.2923743079872129,-0.0002694210579745615,42928,destination,boundary_gated_ensemble
0.7919841536077699,0.00038338045718122604,STL,0.5011951596750427,0.0016812465911433816,0.3015677197512643,0.0001349605803506737,62601,destination,boundary_gated_ensemble
0.7251994272857435,-0.0005113520147269623,SYR,0.6225202483464818,0.00516722821574267,0.3818088977206021,0.0012950297332487426,9778,destination,boundary_gated_ensemble
0.7602954923140839,-1.2982966348218383e-05,TPA,0.5471552211347693,0.00043922724464995344,0.33804380662728095,-0.000425512307232756,77024,destination,boundary_gated_ensemble
0.7602998334258745,-0.0001110494169905829,TUL,0.5658722040806711,0.0020820289844755147,0.3432232984694725,0.0002781669821481092,18010,destination,boundary_gated_ensemble
0.7975389251632345,-0.00015067805123059053,TUS,0.5022919986802024,0.0007701321770617886,0.30439032074475264,-0.00012564229439238073,19910,destination,boundary_gated_ensemble
0.7227332457293035,-0.0005256241787122695,TYS,0.6257511450853728,0.004450623674402632,0.385639192667795,0.0009058583310185275,11415,destination,boundary_gated_ensemble
0.7593835446184439,0.0004142845306156495,XNA,0.5801309419142773,0.0032689383604727063,0.3485870452053403,0.00035768127988111686,12069,destination,boundary_gated_ensemble
