candidate,task,rank,feature,importance,capacity_feature_importance_fraction
raw_demand,delay,1,ccrth_origin_arrival_demand_120m_log1p,0.9250824797256034,0.02285727331526055
raw_demand,delay,2,ccrth_dest_arrival_demand_120m_log1p,0.8206922684155895,0.02285727331526055
raw_demand,delay,3,ccrth_dest_movement_demand_120m_log1p,0.1703142622677082,0.02285727331526055
raw_demand,delay,4,ccrth_origin_movement_demand_120m_log1p,0.09115759580713317,0.02285727331526055
raw_demand,delay,5,ccrth_origin_departure_demand_120m_log1p,0.0780433476479791,0.02285727331526055
raw_demand,delay,6,ccrth_dest_arrival_demand_60m_log1p,0.06637997225041334,0.02285727331526055
raw_demand,delay,7,ccrth_dest_movement_loo_30m_log1p,0.03104681661132012,0.02285727331526055
raw_demand,delay,8,ccrth_dest_movement_demand_60m_log1p,0.028350635132825312,0.02285727331526055
raw_demand,delay,9,ccrth_origin_maximum_runway_length_kft,0.02739023693648457,0.02285727331526055
raw_demand,delay,10,ccrth_dest_departure_demand_60m_log1p,0.016803558960941583,0.02285727331526055
raw_demand,delay,11,ccrth_dest_movement_demand_30m_log1p,0.01650393400216376,0.02285727331526055
raw_demand,delay,12,ccrth_dest_ils_end_fraction,0.013962223767887354,0.02285727331526055
raw_demand,delay,13,ccrth_dest_flow_imbalance_60m,0.0,0.02285727331526055
raw_demand,delay,14,ccrth_dest_minutes_until_next_same_direction_log1p,0.0,0.02285727331526055
raw_demand,delay,15,ccrth_dest_minutes_since_previous_same_direction_log1p,0.0,0.02285727331526055
raw_demand,delay,16,ccrth_dest_same_direction_loo_30m_log1p,0.0,0.02285727331526055
raw_demand,delay,17,ccrth_origin_metro_movement_demand_60m_log1p,0.0,0.02285727331526055
raw_demand,delay,18,ccrth_origin_burstiness_15_to_60,0.0,0.02285727331526055
raw_demand,delay,19,ccrth_origin_flow_imbalance_60m,0.0,0.02285727331526055
raw_demand,delay,20,ccrth_origin_minutes_until_next_same_direction_log1p,0.0,0.02285727331526055
raw_demand,delay,21,ccrth_origin_minutes_since_previous_same_direction_log1p,0.0,0.02285727331526055
raw_demand,delay,22,ccrth_origin_movement_loo_30m_log1p,0.0,0.02285727331526055
raw_demand,delay,23,ccrth_origin_same_direction_loo_30m_log1p,0.0,0.02285727331526055
raw_demand,delay,24,ccrth_dest_movement_demand_15m_log1p,0.0,0.02285727331526055
raw_demand,delay,25,ccrth_dest_burstiness_15_to_60,0.0,0.02285727331526055
raw_demand,delay,26,ccrth_origin_eligible_runway_end_count,0.0,0.02285727331526055
raw_demand,delay,27,ccrth_origin_physical_runway_count,0.0,0.02285727331526055
raw_demand,delay,28,ccrth_origin_arrival_demand_60m_log1p,0.0,0.02285727331526055
raw_demand,delay,29,ccrth_origin_arrival_demand_30m_log1p,0.0,0.02285727331526055
raw_demand,delay,30,ccrth_origin_arrival_demand_15m_log1p,0.0,0.02285727331526055
raw_demand,delay,31,ccrth_dest_maximum_runway_length_kft,0.0,0.02285727331526055
raw_demand,delay,32,ccrth_dest_minimum_runway_length_kft,0.0,0.02285727331526055
raw_demand,delay,33,ccrth_dest_max_parallel_runways,0.0,0.02285727331526055
raw_demand,delay,34,ccrth_dest_orientation_family_count,0.0,0.02285727331526055
raw_demand,delay,35,ccrth_dest_eligible_runway_end_count,0.0,0.02285727331526055
raw_demand,delay,36,ccrth_dest_physical_runway_count,0.0,0.02285727331526055
raw_demand,delay,37,ccrth_origin_minimum_runway_length_kft,0.0,0.02285727331526055
raw_demand,delay,38,ccrth_origin_ils_end_fraction,0.0,0.02285727331526055
raw_demand,delay,39,ccrth_origin_max_parallel_runways,0.0,0.02285727331526055
raw_demand,delay,40,ccrth_origin_orientation_family_count,0.0,0.02285727331526055
normalized_capacity,delay,1,ccrth_origin_arrival_demand_120m_log1p,0.8244199594629554,0.049238493086285647
normalized_capacity,delay,2,ccrth_dest_arrival_demand_120m_log1p,0.6622316364600634,0.049238493086285647
normalized_capacity,delay,3,ccrth_origin_capacity_scenario_good_probability,0.6221212909001903,0.049238493086285647
normalized_capacity,delay,4,ccrth_dest_capacity_scenario_constrained_probability,0.5793906870829466,0.049238493086285647
normalized_capacity,delay,5,ccrth_origin_capacity_scenario_constrained_probability,0.4898457179197037,0.049238493086285647
normalized_capacity,delay,6,ccrth_dest_capacity_scenario_marginal_probability,0.44146135132222475,0.049238493086285647
normalized_capacity,delay,7,ccrth_origin_capacity_scenario_marginal_probability,0.29424054999516003,0.049238493086285647
normalized_capacity,delay,8,ccrth_dest_capacity_scenario_good_probability,0.2861473605037993,0.049238493086285647
normalized_capacity,delay,9,ccrth_origin_movement_demand_120m_log1p,0.19395098262331023,0.049238493086285647
normalized_capacity,delay,10,ccrth_dest_movement_demand_60m_log1p,0.1646497209847049,0.049238493086285647
normalized_capacity,delay,11,ccrth_dest_movement_demand_120m_log1p,0.11436452456831372,0.049238493086285647
normalized_capacity,delay,12,ccrth_origin_weather_capacity_stress,0.05964153916574034,0.049238493086285647
normalized_capacity,delay,13,ccrth_dest_movement_loo_30m_log1p,0.05851718138439286,0.049238493086285647
normalized_capacity,delay,14,ccrth_origin_maximum_runway_length_kft,0.04801298162847853,0.049238493086285647
normalized_capacity,delay,15,ccrth_origin_movement_demand_60m_log1p,0.03172820523259973,0.049238493086285647
normalized_capacity,delay,16,ccrth_dest_arrival_demand_60m_log1p,0.021637988378472202,0.049238493086285647
normalized_capacity,delay,17,ccrth_origin_departure_demand_120m_log1p,0.018889479138540884,0.049238493086285647
normalized_capacity,delay,18,ccrth_dest_ils_end_fraction,0.012598151876969416,0.049238493086285647
normalized_capacity,delay,19,ccrth_dest_metro_queue,0.0,0.049238493086285647
normalized_capacity,delay,20,ccrth_dest_metro_utilization,0.0,0.049238493086285647
normalized_capacity,delay,21,ccrth_dest_expected_slack,0.0,0.049238493086285647
normalized_capacity,delay,22,ccrth_dest_overload_probability,0.0,0.049238493086285647
normalized_capacity,delay,23,ccrth_dest_movement_utilization,0.0,0.049238493086285647
normalized_capacity,delay,24,ccrth_dest_direction_utilization,0.0,0.049238493086285647
normalized_capacity,delay,25,ccrth_dest_expected_movement_capacity,0.0,0.049238493086285647
normalized_capacity,delay,26,ccrth_dest_expected_direction_capacity,0.0,0.049238493086285647
normalized_capacity,delay,27,ccrth_dest_weather_capacity_stress,0.0,0.049238493086285647
normalized_capacity,delay,28,ccrth_dest_runway_feasible_end_fraction,0.0,0.049238493086285647
normalized_capacity,delay,29,ccrth_dest_runway_effective_end_count,0.0,0.049238493086285647
normalized_capacity,delay,30,ccrth_dest_runway_configuration_entropy,0.0,0.049238493086285647
normalized_capacity,delay,31,ccrth_dest_historical_frontier_observed_fraction,0.0,0.049238493086285647
normalized_capacity,delay,32,ccrth_origin_eligible_runway_end_count,0.0,0.049238493086285647
normalized_capacity,delay,33,ccrth_origin_physical_runway_count,0.0,0.049238493086285647
normalized_capacity,delay,34,ccrth_origin_arrival_demand_60m_log1p,0.0,0.049238493086285647
normalized_capacity,delay,35,ccrth_origin_arrival_demand_30m_log1p,0.0,0.049238493086285647
normalized_capacity,delay,36,ccrth_origin_arrival_demand_15m_log1p,0.0,0.049238493086285647
normalized_capacity,delay,37,ccrth_dest_maximum_runway_length_kft,0.0,0.049238493086285647
normalized_capacity,delay,38,ccrth_dest_minimum_runway_length_kft,0.0,0.049238493086285647
normalized_capacity,delay,39,ccrth_dest_max_parallel_runways,0.0,0.049238493086285647
normalized_capacity,delay,40,ccrth_dest_orientation_family_count,0.0,0.049238493086285647
queue_shadow,delay,1,ccrth_origin_queue_p90,1.3627215739948202,0.06701060904532939
queue_shadow,delay,2,ccrth_dest_queue_p90,0.7042788315839774,0.06701060904532939
queue_shadow,delay,3,ccrth_origin_capacity_scenario_constrained_probability,0.6945866928494767,0.06701060904532939
queue_shadow,delay,4,ccrth_dest_capacity_scenario_constrained_probability,0.60116839563026,0.06701060904532939
queue_shadow,delay,5,ccrth_dest_arrival_demand_120m_log1p,0.6010822007735439,0.06701060904532939
queue_shadow,delay,6,ccrth_origin_arrival_demand_120m_log1p,0.49355316487625667,0.06701060904532939
queue_shadow,delay,7,ccrth_dest_capacity_scenario_good_probability,0.39121572666707405,0.06701060904532939
queue_shadow,delay,8,ccrth_origin_capacity_scenario_marginal_probability,0.3024032985431999,0.06701060904532939
queue_shadow,delay,9,ccrth_dest_capacity_scenario_marginal_probability,0.2878272490979003,0.06701060904532939
queue_shadow,delay,10,ccrth_origin_recovery_minutes,0.25939781262149947,0.06701060904532939
queue_shadow,delay,11,ccrth_origin_capacity_scenario_good_probability,0.22743046254635477,0.06701060904532939
queue_shadow,delay,12,ccrth_dest_movement_demand_120m_log1p,0.13942664108744868,0.06701060904532939
queue_shadow,delay,13,ccrth_origin_movement_demand_120m_log1p,0.12095668503363576,0.06701060904532939
queue_shadow,delay,14,ccrth_origin_departure_demand_120m_log1p,0.079247683989833,0.06701060904532939
queue_shadow,delay,15,ccrth_origin_maximum_runway_length_kft,0.06789612360118953,0.06701060904532939
queue_shadow,delay,16,ccrth_dest_movement_demand_60m_log1p,0.06030491173494823,0.06701060904532939
queue_shadow,delay,17,ccrth_dest_metro_movement_demand_60m_log1p,0.047106244109222824,0.06701060904532939
queue_shadow,delay,18,ccrth_origin_weather_capacity_stress,0.04539772976482337,0.06701060904532939
queue_shadow,delay,19,ccrth_dest_expected_queue,0.04430233635693795,0.06701060904532939
queue_shadow,delay,20,ccrth_dest_runway_feasible_end_fraction,0.037190521409763054,0.06701060904532939
queue_shadow,delay,21,ccrth_dest_movement_demand_30m_log1p,0.029265886891055623,0.06701060904532939
queue_shadow,delay,22,ccrth_dest_arrival_demand_60m_log1p,0.025381006414408422,0.06701060904532939
queue_shadow,delay,23,ccrth_origin_expected_queue,0.02038622305113317,0.06701060904532939
queue_shadow,delay,24,ccrth_origin_max_parallel_runways,0.017974208045141347,0.06701060904532939
queue_shadow,delay,25,ccrth_dest_departure_demand_120m_log1p,0.014694694603954521,0.06701060904532939
queue_shadow,delay,26,ccrth_origin_departure_demand_60m_log1p,0.013377123323453316,0.06701060904532939
queue_shadow,delay,27,ccrth_dest_ils_end_fraction,0.012487475931623129,0.06701060904532939
queue_shadow,delay,28,ccrth_dest_expected_slack,0.0,0.06701060904532939
queue_shadow,delay,29,ccrth_dest_overload_probability,0.0,0.06701060904532939
queue_shadow,delay,30,ccrth_dest_movement_utilization,0.0,0.06701060904532939
queue_shadow,delay,31,ccrth_dest_direction_utilization,0.0,0.06701060904532939
queue_shadow,delay,32,ccrth_dest_expected_movement_capacity,0.0,0.06701060904532939
queue_shadow,delay,33,ccrth_dest_expected_direction_capacity,0.0,0.06701060904532939
queue_shadow,delay,34,ccrth_dest_weather_capacity_stress,0.0,0.06701060904532939
queue_shadow,delay,35,ccrth_dest_runway_effective_end_count,0.0,0.06701060904532939
queue_shadow,delay,36,ccrth_dest_runway_configuration_entropy,0.0,0.06701060904532939
queue_shadow,delay,37,ccrth_dest_historical_frontier_observed_fraction,0.0,0.06701060904532939
queue_shadow,delay,38,ccrth_dest_historical_frontier_support_days_log1p,0.0,0.06701060904532939
queue_shadow,delay,39,ccrth_origin_minimum_runway_length_kft,0.0,0.06701060904532939
queue_shadow,delay,40,ccrth_origin_ils_end_fraction,0.0,0.06701060904532939
hypergraph,delay,1,ccrth_route_max_queue_p90,2.5876457023928023,0.0798473692726507
hypergraph,delay,2,ccrth_route_max_weather_capacity_stress,1.3182455032702993,0.0798473692726507
hypergraph,delay,3,ccrth_dest_arrival_demand_120m_log1p,0.6186960740433844,0.0798473692726507
hypergraph,delay,4,ccrth_origin_capacity_scenario_constrained_probability,0.5568997513776015,0.0798473692726507
hypergraph,delay,5,ccrth_origin_arrival_demand_120m_log1p,0.527418068656244,0.0798473692726507
hypergraph,delay,6,ccrth_origin_queue_p90,0.4049758234899781,0.0798473692726507
hypergraph,delay,7,ccrth_dest_capacity_scenario_good_probability,0.38747788897887714,0.0798473692726507
hypergraph,delay,8,ccrth_dest_capacity_scenario_constrained_probability,0.29778005684729775,0.0798473692726507
hypergraph,delay,9,ccrth_origin_capacity_scenario_good_probability,0.2221080989937149,0.0798473692726507
hypergraph,delay,10,ccrth_origin_recovery_minutes,0.20140158799501645,0.0798473692726507
hypergraph,delay,11,ccrth_dest_capacity_scenario_marginal_probability,0.13134099403951102,0.0798473692726507
hypergraph,delay,12,ccrth_dest_movement_demand_120m_log1p,0.12152888349251623,0.0798473692726507
hypergraph,delay,13,ccrth_origin_movement_demand_120m_log1p,0.10155249664691608,0.0798473692726507
hypergraph,delay,14,ccrth_rotation_connected_probability,0.09120258123353547,0.0798473692726507
hypergraph,delay,15,ccrth_origin_departure_demand_120m_log1p,0.0671179548971661,0.0798473692726507
hypergraph,delay,16,ccrth_dest_arrival_demand_60m_log1p,0.057434948815257444,0.0798473692726507
hypergraph,delay,17,ccrth_dest_movement_demand_60m_log1p,0.05046218026967653,0.0798473692726507
hypergraph,delay,18,ccrth_dest_runway_feasible_end_fraction,0.04491370191905981,0.0798473692726507
hypergraph,delay,19,ccrth_origin_capacity_scenario_marginal_probability,0.03661455362267028,0.0798473692726507
hypergraph,delay,20,ccrth_origin_maximum_runway_length_kft,0.03653341809402292,0.0798473692726507
hypergraph,delay,21,ccrth_dest_queue_p90,0.034747402923546555,0.0798473692726507
hypergraph,delay,22,ccrth_dest_departure_demand_60m_log1p,0.029923566059417366,0.0798473692726507
hypergraph,delay,23,ccrth_dest_ils_end_fraction,0.022605998830567645,0.0798473692726507
hypergraph,delay,24,ccrth_dest_metro_movement_demand_60m_log1p,0.014614441996600575,0.0798473692726507
hypergraph,delay,25,ccrth_dest_expected_queue,0.011113975380659459,0.0798473692726507
hypergraph,delay,26,ccrth_dest_runway_effective_end_count,0.010381272998726153,0.0798473692726507
hypergraph,delay,27,ccrth_origin_marginal_overload,0.0,0.0798473692726507
hypergraph,delay,28,ccrth_origin_metro_utilization,0.0,0.0798473692726507
hypergraph,delay,29,ccrth_origin_metro_queue,0.0,0.0798473692726507
hypergraph,delay,30,ccrth_dest_historical_frontier_support_days_log1p,0.0,0.0798473692726507
hypergraph,delay,31,ccrth_dest_historical_frontier_observed_fraction,0.0,0.0798473692726507
hypergraph,delay,32,ccrth_dest_runway_configuration_entropy,0.0,0.0798473692726507
hypergraph,delay,33,ccrth_dest_weather_capacity_stress,0.0,0.0798473692726507
hypergraph,delay,34,ccrth_dest_expected_direction_capacity,0.0,0.0798473692726507
hypergraph,delay,35,ccrth_dest_expected_movement_capacity,0.0,0.0798473692726507
hypergraph,delay,36,ccrth_dest_overload_probability,0.0,0.0798473692726507
hypergraph,delay,37,ccrth_dest_expected_slack,0.0,0.0798473692726507
hypergraph,delay,38,ccrth_dest_recovery_minutes,0.0,0.0798473692726507
hypergraph,delay,39,ccrth_dest_shadow_price,0.0,0.0798473692726507
hypergraph,delay,40,ccrth_dest_marginal_overload,0.0,0.0798473692726507
raw_demand,cancellation,1,ccrth_dest_metro_movement_demand_60m_log1p,0.40589284394230246,0.011096607022093566
raw_demand,cancellation,2,ccrth_origin_metro_movement_demand_60m_log1p,0.12329695872038528,0.011096607022093566
raw_demand,cancellation,3,ccrth_origin_departure_demand_30m_log1p,0.1155282726802732,0.011096607022093566
raw_demand,cancellation,4,ccrth_origin_arrival_demand_120m_log1p,0.09460104649508454,0.011096607022093566
raw_demand,cancellation,5,ccrth_origin_maximum_runway_length_kft,0.07302683708962726,0.011096607022093566
raw_demand,cancellation,6,ccrth_dest_maximum_runway_length_kft,0.05933591302300223,0.011096607022093566
raw_demand,cancellation,7,ccrth_origin_ils_end_fraction,0.052146200904491014,0.011096607022093566
raw_demand,cancellation,8,ccrth_dest_orientation_family_count,0.05110359854522386,0.011096607022093566
raw_demand,cancellation,9,ccrth_dest_departure_demand_60m_log1p,0.04596487786725032,0.011096607022093566
raw_demand,cancellation,10,ccrth_dest_movement_demand_120m_log1p,0.021454608452586794,0.011096607022093566
raw_demand,cancellation,11,ccrth_dest_departure_demand_120m_log1p,0.019871960821562864,0.011096607022093566
raw_demand,cancellation,12,ccrth_dest_minimum_runway_length_kft,0.016644310473859242,0.011096607022093566
raw_demand,cancellation,13,ccrth_origin_movement_demand_30m_log1p,0.016208815554893303,0.011096607022093566
raw_demand,cancellation,14,ccrth_dest_eligible_runway_end_count,0.007990073534272762,0.011096607022093566
raw_demand,cancellation,15,ccrth_dest_physical_runway_count,0.006217360498184978,0.011096607022093566
raw_demand,cancellation,16,ccrth_origin_arrival_demand_30m_log1p,0.0003770236063565846,0.011096607022093566
raw_demand,cancellation,17,ccrth_dest_movement_demand_60m_log1p,0.0,0.011096607022093566
raw_demand,cancellation,18,ccrth_dest_movement_demand_30m_log1p,0.0,0.011096607022093566
raw_demand,cancellation,19,ccrth_dest_burstiness_15_to_60,0.0,0.011096607022093566
raw_demand,cancellation,20,ccrth_dest_minutes_until_next_same_direction_log1p,0.0,0.011096607022093566
raw_demand,cancellation,21,ccrth_origin_same_direction_loo_30m_log1p,0.0,0.011096607022093566
raw_demand,cancellation,22,ccrth_origin_flow_imbalance_60m,0.0,0.011096607022093566
raw_demand,cancellation,23,ccrth_origin_minutes_until_next_same_direction_log1p,0.0,0.011096607022093566
raw_demand,cancellation,24,ccrth_origin_movement_loo_30m_log1p,0.0,0.011096607022093566
raw_demand,cancellation,25,ccrth_origin_minutes_since_previous_same_direction_log1p,0.0,0.011096607022093566
raw_demand,cancellation,26,ccrth_dest_movement_loo_30m_log1p,0.0,0.011096607022093566
raw_demand,cancellation,27,ccrth_dest_same_direction_loo_30m_log1p,0.0,0.011096607022093566
raw_demand,cancellation,28,ccrth_origin_burstiness_15_to_60,0.0,0.011096607022093566
raw_demand,cancellation,29,ccrth_dest_flow_imbalance_60m,0.0,0.011096607022093566
raw_demand,cancellation,30,ccrth_origin_orientation_family_count,0.0,0.011096607022093566
raw_demand,cancellation,31,ccrth_origin_departure_demand_15m_log1p,0.0,0.011096607022093566
raw_demand,cancellation,32,ccrth_origin_arrival_demand_15m_log1p,0.0,0.011096607022093566
raw_demand,cancellation,33,ccrth_origin_arrival_demand_60m_log1p,0.0,0.011096607022093566
raw_demand,cancellation,34,ccrth_origin_eligible_runway_end_count,0.0,0.011096607022093566
raw_demand,cancellation,35,ccrth_origin_physical_runway_count,0.0,0.011096607022093566
raw_demand,cancellation,36,ccrth_dest_max_parallel_runways,0.0,0.011096607022093566
raw_demand,cancellation,37,ccrth_dest_ils_end_fraction,0.0,0.011096607022093566
raw_demand,cancellation,38,ccrth_origin_max_parallel_runways,0.0,0.011096607022093566
raw_demand,cancellation,39,ccrth_origin_minimum_runway_length_kft,0.0,0.011096607022093566
raw_demand,cancellation,40,ccrth_dest_movement_demand_15m_log1p,0.0,0.011096607022093566
normalized_capacity,cancellation,1,ccrth_dest_capacity_scenario_good_probability,0.5736817498410997,0.05182229956876869
normalized_capacity,cancellation,2,ccrth_dest_capacity_scenario_constrained_probability,0.43290048671500586,0.05182229956876869
normalized_capacity,cancellation,3,ccrth_dest_weather_capacity_stress,0.35786656647317383,0.05182229956876869
normalized_capacity,cancellation,4,ccrth_origin_capacity_scenario_marginal_probability,0.3452687615958972,0.05182229956876869
normalized_capacity,cancellation,5,ccrth_origin_capacity_scenario_constrained_probability,0.3308075938588175,0.05182229956876869
normalized_capacity,cancellation,6,ccrth_dest_metro_utilization,0.322615851441073,0.05182229956876869
normalized_capacity,cancellation,7,ccrth_dest_runway_feasible_end_fraction,0.265187678329609,0.05182229956876869
normalized_capacity,cancellation,8,ccrth_dest_capacity_scenario_marginal_probability,0.19524784701106918,0.05182229956876869
normalized_capacity,cancellation,9,ccrth_dest_metro_movement_demand_60m_log1p,0.19169665969080438,0.05182229956876869
normalized_capacity,cancellation,10,ccrth_origin_historical_frontier_support_days_log1p,0.18878951166955094,0.05182229956876869
normalized_capacity,cancellation,11,ccrth_origin_runway_feasible_end_fraction,0.1567720357274599,0.05182229956876869
normalized_capacity,cancellation,12,ccrth_origin_capacity_scenario_good_probability,0.152051484629654,0.05182229956876869
normalized_capacity,cancellation,13,ccrth_origin_flow_imbalance_60m,0.14249968491270631,0.05182229956876869
normalized_capacity,cancellation,14,ccrth_origin_maximum_runway_length_kft,0.13445707413679206,0.05182229956876869
normalized_capacity,cancellation,15,ccrth_origin_weather_capacity_stress,0.13338054357042722,0.05182229956876869
normalized_capacity,cancellation,16,ccrth_dest_runway_configuration_entropy,0.08980512639138996,0.05182229956876869
normalized_capacity,cancellation,17,ccrth_dest_movement_demand_60m_log1p,0.08461707935508768,0.05182229956876869
normalized_capacity,cancellation,18,ccrth_origin_metro_movement_demand_60m_log1p,0.08035355692330179,0.05182229956876869
normalized_capacity,cancellation,19,ccrth_origin_metro_queue,0.0758077599348499,0.05182229956876869
normalized_capacity,cancellation,20,ccrth_dest_movement_demand_120m_log1p,0.06252543324053036,0.05182229956876869
normalized_capacity,cancellation,21,ccrth_origin_minimum_runway_length_kft,0.05825737663664638,0.05182229956876869
normalized_capacity,cancellation,22,ccrth_origin_departure_demand_120m_log1p,0.04904175671027988,0.05182229956876869
normalized_capacity,cancellation,23,ccrth_origin_runway_effective_end_count,0.04861630500250686,0.05182229956876869
normalized_capacity,cancellation,24,ccrth_origin_arrival_demand_120m_log1p,0.048336703192685154,0.05182229956876869
normalized_capacity,cancellation,25,ccrth_origin_movement_demand_60m_log1p,0.048135738019271825,0.05182229956876869
normalized_capacity,cancellation,26,ccrth_dest_arrival_demand_15m_log1p,0.04686016353513585,0.05182229956876869
normalized_capacity,cancellation,27,ccrth_origin_expected_direction_capacity,0.04683106010793723,0.05182229956876869
normalized_capacity,cancellation,28,ccrth_origin_departure_demand_30m_log1p,0.04371249856182349,0.05182229956876869
normalized_capacity,cancellation,29,ccrth_origin_max_parallel_runways,0.03897659606218938,0.05182229956876869
normalized_capacity,cancellation,30,ccrth_dest_orientation_family_count,0.0370667347178703,0.05182229956876869
normalized_capacity,cancellation,31,ccrth_origin_ils_end_fraction,0.03579151347536331,0.05182229956876869
normalized_capacity,cancellation,32,ccrth_origin_eligible_runway_end_count,0.03549298457518997,0.05182229956876869
normalized_capacity,cancellation,33,ccrth_dest_departure_demand_120m_log1p,0.0299369967986177,0.05182229956876869
normalized_capacity,cancellation,34,ccrth_dest_departure_demand_30m_log1p,0.024978899847174194,0.05182229956876869
normalized_capacity,cancellation,35,ccrth_dest_expected_slack,0.02458794918850461,0.05182229956876869
normalized_capacity,cancellation,36,ccrth_origin_arrival_demand_15m_log1p,0.023860466776786424,0.05182229956876869
normalized_capacity,cancellation,37,ccrth_origin_direction_frontier_p50,0.018908176622124125,0.05182229956876869
normalized_capacity,cancellation,38,ccrth_origin_departure_demand_60m_log1p,0.01839494709512207,0.05182229956876869
normalized_capacity,cancellation,39,ccrth_dest_expected_direction_capacity,0.017809827564287527,0.05182229956876869
normalized_capacity,cancellation,40,ccrth_origin_direction_utilization,0.01600092469790323,0.05182229956876869
queue_shadow,cancellation,1,ccrth_dest_metro_movement_demand_60m_log1p,0.39908794743820813,0.07473382663909926
queue_shadow,cancellation,2,ccrth_dest_capacity_scenario_constrained_probability,0.398452647700034,0.07473382663909926
queue_shadow,cancellation,3,ccrth_dest_capacity_scenario_good_probability,0.37541896383176443,0.07473382663909926
queue_shadow,cancellation,4,ccrth_origin_weather_capacity_stress,0.31032215430903193,0.07473382663909926
queue_shadow,cancellation,5,ccrth_dest_weather_capacity_stress,0.27539650212050093,0.07473382663909926
queue_shadow,cancellation,6,ccrth_origin_capacity_scenario_good_probability,0.24342288620478653,0.07473382663909926
queue_shadow,cancellation,7,ccrth_origin_maximum_runway_length_kft,0.22651985503809585,0.07473382663909926
queue_shadow,cancellation,8,ccrth_dest_queue_p90,0.2257830569898321,0.07473382663909926
queue_shadow,cancellation,9,ccrth_dest_capacity_scenario_marginal_probability,0.21766215204129263,0.07473382663909926
queue_shadow,cancellation,10,ccrth_origin_metro_movement_demand_60m_log1p,0.19298533886988034,0.07473382663909926
queue_shadow,cancellation,11,ccrth_dest_runway_feasible_end_fraction,0.1865017802595588,0.07473382663909926
queue_shadow,cancellation,12,ccrth_origin_queue_p90,0.1740198982346816,0.07473382663909926
queue_shadow,cancellation,13,ccrth_origin_capacity_scenario_marginal_probability,0.16340206268666324,0.07473382663909926
queue_shadow,cancellation,14,ccrth_origin_flow_imbalance_60m,0.16027554980556397,0.07473382663909926
queue_shadow,cancellation,15,ccrth_origin_recovery_minutes,0.15976740314015794,0.07473382663909926
queue_shadow,cancellation,16,ccrth_origin_capacity_scenario_constrained_probability,0.12882810968763517,0.07473382663909926
queue_shadow,cancellation,17,ccrth_origin_expected_queue,0.11997505338878565,0.07473382663909926
queue_shadow,cancellation,18,ccrth_origin_runway_feasible_end_fraction,0.11901374735814928,0.07473382663909926
queue_shadow,cancellation,19,ccrth_dest_recovery_minutes,0.11266225510218403,0.07473382663909926
queue_shadow,cancellation,20,ccrth_origin_metro_queue,0.10720599793693515,0.07473382663909926
queue_shadow,cancellation,21,ccrth_origin_arrival_demand_60m_log1p,0.1027844942124034,0.07473382663909926
queue_shadow,cancellation,22,ccrth_dest_metro_utilization,0.10262854884006936,0.07473382663909926
queue_shadow,cancellation,23,ccrth_dest_maximum_runway_length_kft,0.10076697538300787,0.07473382663909926
queue_shadow,cancellation,24,ccrth_origin_shadow_price,0.0967808258053985,0.07473382663909926
queue_shadow,cancellation,25,ccrth_origin_departure_demand_30m_log1p,0.09602057907886363,0.07473382663909926
queue_shadow,cancellation,26,ccrth_dest_metro_queue,0.09395195175001811,0.07473382663909926
queue_shadow,cancellation,27,ccrth_origin_burstiness_15_to_60,0.08941583845633093,0.07473382663909926
queue_shadow,cancellation,28,ccrth_origin_departure_demand_120m_log1p,0.08816442363700734,0.07473382663909926
queue_shadow,cancellation,29,ccrth_dest_runway_effective_end_count,0.08715069038255206,0.07473382663909926
queue_shadow,cancellation,30,ccrth_origin_arrival_demand_120m_log1p,0.08584481766712014,0.07473382663909926
queue_shadow,cancellation,31,ccrth_dest_expected_slack,0.08250747805581318,0.07473382663909926
queue_shadow,cancellation,32,ccrth_dest_minimum_runway_length_kft,0.0816870447911067,0.07473382663909926
queue_shadow,cancellation,33,ccrth_origin_movement_utilization,0.07926228359915027,0.07473382663909926
queue_shadow,cancellation,34,ccrth_dest_movement_frontier_p50,0.0771417341366279,0.07473382663909926
queue_shadow,cancellation,35,ccrth_origin_historical_frontier_support_days_log1p,0.07374403763428583,0.07473382663909926
queue_shadow,cancellation,36,ccrth_origin_minutes_until_next_same_direction_log1p,0.07025022679773305,0.07473382663909926
queue_shadow,cancellation,37,ccrth_dest_runway_configuration_entropy,0.0664724355625384,0.07473382663909926
queue_shadow,cancellation,38,ccrth_origin_runway_configuration_entropy,0.06454633905422791,0.07473382663909926
queue_shadow,cancellation,39,ccrth_dest_expected_queue,0.06313785884199179,0.07473382663909926
queue_shadow,cancellation,40,ccrth_dest_historical_frontier_support_days_log1p,0.06115402719467324,0.07473382663909926
hypergraph,cancellation,1,ccrth_route_max_weather_capacity_stress,1.3944852091139364,0.09167125367802638
hypergraph,cancellation,2,ccrth_route_max_queue_p90,0.5238454234279453,0.09167125367802638
hypergraph,cancellation,3,ccrth_dest_capacity_scenario_good_probability,0.471933064765401,0.09167125367802638
hypergraph,cancellation,4,ccrth_route_max_metro_utilization,0.35574215437665735,0.09167125367802638
hypergraph,cancellation,5,ccrth_dest_metro_movement_demand_60m_log1p,0.33003225732257924,0.09167125367802638
hypergraph,cancellation,6,ccrth_dest_capacity_scenario_constrained_probability,0.29492620346132736,0.09167125367802638
hypergraph,cancellation,7,ccrth_dest_capacity_scenario_marginal_probability,0.2070642215399941,0.09167125367802638
hypergraph,cancellation,8,ccrth_origin_capacity_scenario_constrained_probability,0.19118643661611323,0.09167125367802638
hypergraph,cancellation,9,ccrth_rotation_connected_probability,0.18223274708415535,0.09167125367802638
hypergraph,cancellation,10,ccrth_origin_maximum_runway_length_kft,0.17945331028442535,0.09167125367802638
hypergraph,cancellation,11,ccrth_origin_runway_feasible_end_fraction,0.17883704001694836,0.09167125367802638
hypergraph,cancellation,12,ccrth_origin_queue_p90,0.16846750835192761,0.09167125367802638
hypergraph,cancellation,13,ccrth_origin_expected_queue,0.1576847462690586,0.09167125367802638
hypergraph,cancellation,14,ccrth_origin_departure_demand_120m_log1p,0.15314350476072772,0.09167125367802638
hypergraph,cancellation,15,ccrth_dest_weather_capacity_stress,0.15010277812722542,0.09167125367802638
hypergraph,cancellation,16,ccrth_dest_metro_utilization,0.1374045126204644,0.09167125367802638
hypergraph,cancellation,17,ccrth_dest_runway_feasible_end_fraction,0.1349621445982836,0.09167125367802638
hypergraph,cancellation,18,ccrth_origin_weather_capacity_stress,0.1337403374638215,0.09167125367802638
hypergraph,cancellation,19,ccrth_origin_minimum_runway_length_kft,0.12480813281692749,0.09167125367802638
hypergraph,cancellation,20,ccrth_origin_runway_configuration_entropy,0.12157530763483217,0.09167125367802638
hypergraph,cancellation,21,ccrth_origin_flow_imbalance_60m,0.12074182140978627,0.09167125367802638
hypergraph,cancellation,22,ccrth_origin_recovery_minutes,0.11676778190155217,0.09167125367802638
hypergraph,cancellation,23,ccrth_origin_capacity_scenario_good_probability,0.11659801437627126,0.09167125367802638
hypergraph,cancellation,24,ccrth_dest_expected_slack,0.1164530231105479,0.09167125367802638
hypergraph,cancellation,25,ccrth_dest_movement_utilization,0.11558004153540441,0.09167125367802638
hypergraph,cancellation,26,ccrth_dest_queue_p90,0.11068064525137995,0.09167125367802638
hypergraph,cancellation,27,ccrth_origin_capacity_scenario_marginal_probability,0.1067739314345449,0.09167125367802638
hypergraph,cancellation,28,ccrth_origin_arrival_demand_120m_log1p,0.10427042608088714,0.09167125367802638
hypergraph,cancellation,29,ccrth_origin_metro_queue,0.10110041331716098,0.09167125367802638
hypergraph,cancellation,30,ccrth_origin_direction_utilization,0.100372584531578,0.09167125367802638
hypergraph,cancellation,31,ccrth_origin_metro_movement_demand_60m_log1p,0.08995184205788777,0.09167125367802638
hypergraph,cancellation,32,ccrth_origin_ils_end_fraction,0.08614109410259108,0.09167125367802638
hypergraph,cancellation,33,ccrth_dest_movement_demand_120m_log1p,0.07949054929868962,0.09167125367802638
hypergraph,cancellation,34,ccrth_dest_metro_queue,0.07278786268394768,0.09167125367802638
hypergraph,cancellation,35,ccrth_origin_departure_demand_60m_log1p,0.06944270981437654,0.09167125367802638
hypergraph,cancellation,36,ccrth_rotation_predecessor_capacity_overload,0.06690475593011186,0.09167125367802638
hypergraph,cancellation,37,ccrth_origin_metro_utilization,0.06461023152001745,0.09167125367802638
hypergraph,cancellation,38,ccrth_dest_movement_frontier_p50,0.062309135834656804,0.09167125367802638
hypergraph,cancellation,39,ccrth_dest_burstiness_15_to_60,0.05957161454819163,0.09167125367802638
hypergraph,cancellation,40,ccrth_dest_recovery_minutes,0.05675939986560392,0.09167125367802638
