airport,joint_log_loss,joint_log_loss_delta_vs_flare24,method,multiclass_brier,multiclass_brier_delta_vs_flare24,n,role
ABQ,0.4547391485520762,0.0,flare24,0.2659949173563371,0.0,24880,origin
ALB,0.541450832207082,0.0,flare24,0.32229845825135117,0.0,11939,origin
ANC,0.4713054309888251,0.0,flare24,0.2777806669132385,0.0,12629,origin
ATL,0.5689937035860398,0.0,flare24,0.3480144243737927,0.0,266525,origin
AUS,0.5248681937769082,0.0,flare24,0.3226422404764544,0.0,82370,origin
BDL,0.5266984560462329,0.0,flare24,0.31728859815524363,0.0,22764,origin
BHM,0.521308865136782,0.0,flare24,0.3046419812685812,0.0,16638,origin
BNA,0.5317166176165948,0.0,flare24,0.3248059993756918,0.0,99747,origin
BOI,0.4232707206521982,0.0,flare24,0.25163568586344975,0.0,23112,origin
BOS,0.5624038262825618,0.0,flare24,0.3435720568038273,0.0,138336,origin
BUF,0.5395307247477443,0.0,flare24,0.32275281801374633,0.0,20374,origin
BUR,0.48380827257540276,0.0,flare24,0.2789861383521689,0.0,29719,origin
BWI,0.5326638890473109,0.0,flare24,0.32199042691304136,0.0,90284,origin
CHS,0.555667287584957,0.0,flare24,0.32667146791995305,0.0,24294,origin
CLE,0.521856934067496,0.0,flare24,0.30886543224739876,0.0,39356,origin
CLT,0.5774936511593729,0.0,flare24,0.3539407900498242,0.0,158932,origin
CMH,0.5138812167721603,0.0,flare24,0.30717223884319345,0.0,43587,origin
COS,0.5489520464144585,0.0,flare24,0.33182869389339587,0.0,13037,origin
CVG,0.5427690994320069,0.0,flare24,0.3268931812702224,0.0,30824,origin
DAL,0.5576852081085695,0.0,flare24,0.34024457482114273,0.0,65842,origin
DAY,0.5531692867056323,0.0,flare24,0.32298684012117557,0.0,7562,origin
DCA,0.6589368491178706,0.0,flare24,0.3941624640934497,0.0,127289,origin
DEN,0.5435821368969723,0.0,flare24,0.34324947089931507,0.0,243152,origin
DFW,0.6691422083091456,0.0,flare24,0.4093063299797319,0.0,221410,origin
DSM,0.5430514998219217,0.0,flare24,0.31823022345039764,0.0,13622,origin
DTW,0.5244095012184029,0.0,flare24,0.31986448314106575,0.0,108498,origin
ELP,0.4753633182478611,0.0,flare24,0.27860776233703316,0.0,16763,origin
EWR,0.613631558454157,0.0,flare24,0.36961370507769437,0.0,113771,origin
FAT,0.47757963214300797,0.0,flare24,0.28601574124606344,0.0,13175,origin
FLL,0.5539263645534543,0.0,flare24,0.34023064305260364,0.0,81633,origin
GEG,0.42715141227269426,0.0,flare24,0.2532232614690761,0.0,17884,origin
GRR,0.5431526828487077,0.0,flare24,0.3280247791792268,0.0,16731,origin
GSO,0.5356499692625238,0.0,flare24,0.3049985593137581,0.0,10163,origin
GSP,0.5113681395438978,0.0,flare24,0.29613942075755817,0.0,13691,origin
HNL,0.43265514536466676,0.0,flare24,0.2478805186578144,0.0,51232,origin
HOU,0.5190959930789468,0.0,flare24,0.31432953171030553,0.0,50539,origin
HPN,0.5824049354145441,0.0,flare24,0.3446744739049292,0.0,10381,origin
IAD,0.5098765579732857,0.0,flare24,0.3101843041834155,0.0,54506,origin
IAH,0.5459215581970606,0.0,flare24,0.3332532203506517,0.0,107923,origin
ICT,0.5841715424799324,0.0,flare24,0.3476986349325839,0.0,10780,origin
IND,0.507265534463312,0.0,flare24,0.3003649659517025,0.0,45448,origin
JAX,0.5206420278564712,0.0,flare24,0.30575856109909455,0.0,27657,origin
JFK,0.5857958857992233,0.0,flare24,0.3568369377099565,0.0,100462,origin
KOA,0.40633338118367446,0.0,flare24,0.22321632556030163,0.0,15585,origin
LAS,0.507975090156806,0.0,flare24,0.311073096860911,0.0,173080,origin
LAX,0.4689016860257743,0.0,flare24,0.2799244569317127,0.0,178888,origin
LGA,0.6306179546563978,0.0,flare24,0.3822700389825935,0.0,129295,origin
LGB,0.39818217921481475,0.0,flare24,0.22907641652773783,0.0,16513,origin
LIH,0.4274960910551241,0.0,flare24,0.23972578495102662,0.0,15466,origin
LIT,0.5610003181180504,0.0,flare24,0.3348916918362927,0.0,12520,origin
MAF,0.5047440626579358,0.0,flare24,0.29414418710884155,0.0,9750,origin
MCI,0.5244089559288492,0.0,flare24,0.31539594771850027,0.0,47217,origin
MCO,0.5395574390816215,0.0,flare24,0.33290111995862537,0.0,150588,origin
MDW,0.5230642382533037,0.0,flare24,0.3199815287153167,0.0,71497,origin
MEM,0.5273197435923322,0.0,flare24,0.3130702604762553,0.0,23500,origin
MIA,0.5856235011745701,0.0,flare24,0.36597051501239897,0.0,104569,origin
MKE,0.5272296374683202,0.0,flare24,0.3148383940524428,0.0,27310,origin
MSN,0.5332153532224463,0.0,flare24,0.3166181370833906,0.0,12612,origin
MSP,0.5013844453413204,0.0,flare24,0.3064898800104582,0.0,91402,origin
MSY,0.5489042597587389,0.0,flare24,0.32808512263017126,0.0,50424,origin
MYR,0.5581467813516441,0.0,flare24,0.326854042920443,0.0,12929,origin
OAK,0.44294117608141365,0.0,flare24,0.26388415845868957,0.0,33273,origin
OGG,0.42927137991859016,0.0,flare24,0.2423455268154088,0.0,24858,origin
OKC,0.5271372170765638,0.0,flare24,0.31576635231190076,0.0,23776,origin
OMA,0.49563043290633974,0.0,flare24,0.29310353063695355,0.0,23836,origin
ONT,0.45693232703410713,0.0,flare24,0.2682762687668106,0.0,25833,origin
ORD,0.5818815622995355,0.0,flare24,0.359041254023636,0.0,257943,origin
ORF,0.5610732829540935,0.0,flare24,0.3313159867100813,0.0,19573,origin
PBI,0.5712066011042236,0.0,flare24,0.34978792910881007,0.0,28349,origin
PDX,0.4763245493224944,0.0,flare24,0.2843333313434291,0.0,58871,origin
PHL,0.6067626565107237,0.0,flare24,0.3721822830582493,0.0,92497,origin
PHX,0.5019223558454902,0.0,flare24,0.30603626948971485,0.0,175652,origin
PIT,0.49404965529211864,0.0,flare24,0.2914714892461067,0.0,41531,origin
PNS,0.5485633237923039,0.0,flare24,0.31618514725811653,0.0,13723,origin
PSP,0.48109853513719747,0.0,flare24,0.29138032561222876,0.0,14520,origin
PVD,0.545374124935142,0.0,flare24,0.32494954763226797,0.0,15164,origin
PWM,0.5526377802491578,0.0,flare24,0.3277515045444651,0.0,10630,origin
RDU,0.5264903167112968,0.0,flare24,0.3129808259230453,0.0,54711,origin
RIC,0.552079282383931,0.0,flare24,0.32929181463190244,0.0,17525,origin
RNO,0.4862582372174902,0.0,flare24,0.2858139577879555,0.0,20662,origin
ROC,0.5642235096774821,0.0,flare24,0.3385994829390298,0.0,9914,origin
RSW,0.5158146150519235,0.0,flare24,0.3096369658757745,0.0,33899,origin
SAN,0.5368487596895037,0.0,flare24,0.3264659505743784,0.0,92521,origin
SAT,0.4768653204505187,0.0,flare24,0.28027508345221586,0.0,41253,origin
SAV,0.5539793560704633,0.0,flare24,0.32466953139203697,0.0,18659,origin
SDF,0.5239422080658771,0.0,flare24,0.3045864233045665,0.0,22203,origin
SEA,0.5345771276081122,0.0,flare24,0.3308885232252417,0.0,145024,origin
SFO,0.49754262872011296,0.0,flare24,0.3029534837539852,0.0,130201,origin
SJC,0.4334654276097675,0.0,flare24,0.25509458765594756,0.0,45114,origin
SJU,0.5295936135782244,0.0,flare24,0.32540760981975325,0.0,34352,origin
SLC,0.45708424774261147,0.0,flare24,0.27379145020787565,0.0,95416,origin
SMF,0.4517801208392938,0.0,flare24,0.26927320279074524,0.0,56514,origin
SNA,0.49014250116754665,0.0,flare24,0.29006718595313674,0.0,42958,origin
STL,0.5195461024854361,0.0,flare24,0.3141125731404934,0.0,62551,origin
SYR,0.5863346807144733,0.0,flare24,0.35034509549641596,0.0,9782,origin
TPA,0.5267219897912687,0.0,flare24,0.3205914526831922,0.0,77003,origin
TUL,0.5256626359926643,0.0,flare24,0.30798234259290297,0.0,18006,origin
TUS,0.44277149518316256,0.0,flare24,0.2556835392523339,0.0,19884,origin
TYS,0.5861770286562229,0.0,flare24,0.3527750965492888,0.0,11396,origin
XNA,0.5666833558389717,0.0,flare24,0.33705472039755235,0.0,12083,origin
ABQ,0.45363637760297404,-0.0011027709491021609,tf_ccrth_cancellation_logit_stack,0.26595585522552667,-3.906213081045218e-05,24880,origin
ALB,0.5377029273806025,-0.0037479048264794645,tf_ccrth_cancellation_logit_stack,0.32171996530826,-0.0005784929430911467,11939,origin
ANC,0.4713728988513829,6.746786255779069e-05,tf_ccrth_cancellation_logit_stack,0.27775017647194916,-3.0490441289332537e-05,12629,origin
ATL,0.5677118381320652,-0.0012818654539746843,tf_ccrth_cancellation_logit_stack,0.3479267048509786,-8.771952281411144e-05,266525,origin
AUS,0.5236980879363768,-0.0011701058405313436,tf_ccrth_cancellation_logit_stack,0.3225481492612859,-9.409121516851249e-05,82370,origin
BDL,0.524216887250585,-0.0024815687956478705,tf_ccrth_cancellation_logit_stack,0.3168451872511558,-0.00044341090408783757,22764,origin
BHM,0.5179021001621484,-0.003406764974633547,tf_ccrth_cancellation_logit_stack,0.304126151683626,-0.0005158295849552186,16638,origin
BNA,0.5294135601229155,-0.002303057493679317,tf_ccrth_cancellation_logit_stack,0.3244713967805523,-0.0003346025951395104,99747,origin
BOI,0.42324875623336017,-2.1964418838005262e-05,tf_ccrth_cancellation_logit_stack,0.25165498287786653,1.9297014416774783e-05,23112,origin
BOS,0.5594347962833922,-0.0029690299991695923,tf_ccrth_cancellation_logit_stack,0.3430459518073547,-0.0005261049964725983,138336,origin
BUF,0.5357616867307626,-0.003769038016981696,tf_ccrth_cancellation_logit_stack,0.3217003138645094,-0.0010525041492369103,20374,origin
BUR,0.4824159974101435,-0.001392275165259249,tf_ccrth_cancellation_logit_stack,0.2789257794322514,-6.035891991751363e-05,29719,origin
BWI,0.5306889130201388,-0.001974976027172115,tf_ccrth_cancellation_logit_stack,0.321794401583854,-0.00019602532918738813,90284,origin
CHS,0.5516784279199041,-0.003988859665052913,tf_ccrth_cancellation_logit_stack,0.32607078217964514,-0.0006006857403079158,24294,origin
CLE,0.5185438402581596,-0.0033130938093364204,tf_ccrth_cancellation_logit_stack,0.3081142099022778,-0.0007512223451209832,39356,origin
CLT,0.5745583963238577,-0.0029352548355151553,tf_ccrth_cancellation_logit_stack,0.35372780662694664,-0.00021298342287756622,158932,origin
CMH,0.5109745494345818,-0.0029066673375784946,tf_ccrth_cancellation_logit_stack,0.3064981833338914,-0.0006740555093020517,43587,origin
COS,0.5463000256733841,-0.0026520207410744012,tf_ccrth_cancellation_logit_stack,0.3316890727181703,-0.00013962117522559048,13037,origin
CVG,0.539001751693516,-0.003767347738490856,tf_ccrth_cancellation_logit_stack,0.3260147860001851,-0.0008783952700373021,30824,origin
DAL,0.5550156199256516,-0.002669588182917848,tf_ccrth_cancellation_logit_stack,0.33996858682606007,-0.0002759879950826605,65842,origin
DAY,0.54934463069651,-0.003824656009122296,tf_ccrth_cancellation_logit_stack,0.32237337272047123,-0.0006134674007043373,7562,origin
DCA,0.649627672714576,-0.00930917640329465,tf_ccrth_cancellation_logit_stack,0.392392395350816,-0.0017700687426336903,127289,origin
DEN,0.5432446647897085,-0.0003374721072638698,tf_ccrth_cancellation_logit_stack,0.3432577322759261,8.261376611029547e-06,243152,origin
DFW,0.665900864983633,-0.0032413433255126245,tf_ccrth_cancellation_logit_stack,0.4090361929335418,-0.0002701370461900554,221410,origin
DSM,0.5373822912205969,-0.005669208601324804,tf_ccrth_cancellation_logit_stack,0.31717020350833164,-0.001060019942066004,13622,origin
DTW,0.5229558441086903,-0.0014536571097125695,tf_ccrth_cancellation_logit_stack,0.3196150112429575,-0.00024947189810825554,108498,origin
ELP,0.4736919361896945,-0.0016713820581665817,tf_ccrth_cancellation_logit_stack,0.27846597241248916,-0.0001417899245440002,16763,origin
EWR,0.6082334328820295,-0.005398125572127488,tf_ccrth_cancellation_logit_stack,0.36879439835140143,-0.0008193067262929343,113771,origin
FAT,0.4768369496574472,-0.0007426824855607528,tf_ccrth_cancellation_logit_stack,0.28599526352390264,-2.0477722160794354e-05,13175,origin
FLL,0.5522331713917049,-0.001693193161749429,tf_ccrth_cancellation_logit_stack,0.340081288498464,-0.00014935455413966903,81633,origin
GEG,0.4269434101932774,-0.0002080020794168469,tf_ccrth_cancellation_logit_stack,0.25322312423988885,-1.3722918723590993e-07,17884,origin
GRR,0.5407343250463496,-0.0024183578023581065,tf_ccrth_cancellation_logit_stack,0.32776032939214356,-0.00026444978708323186,16731,origin
GSO,0.5301417543325015,-0.005508214930022293,tf_ccrth_cancellation_logit_stack,0.30416125001742533,-0.0008373092963327444,10163,origin
GSP,0.5068691437917136,-0.004498995752184265,tf_ccrth_cancellation_logit_stack,0.29523538361222434,-0.0009040371453338247,13691,origin
HNL,0.4319014694784302,-0.0007536758862365378,tf_ccrth_cancellation_logit_stack,0.24783132063815305,-4.9198019661356174e-05,51232,origin
HOU,0.5177136011500305,-0.0013823919289163156,tf_ccrth_cancellation_logit_stack,0.31413976227342966,-0.0001897694368758751,50539,origin
HPN,0.5751411108492751,-0.007263824565268973,tf_ccrth_cancellation_logit_stack,0.34345019195803234,-0.001224281946896888,10381,origin
IAD,0.508415876116571,-0.0014606818567146629,tf_ccrth_cancellation_logit_stack,0.3099270168288483,-0.00025728735456720386,54506,origin
IAH,0.5445013477249432,-0.001420210472117378,tf_ccrth_cancellation_logit_stack,0.33310505573462956,-0.00014816461602212838,107923,origin
ICT,0.5772571256025442,-0.006914416877388252,tf_ccrth_cancellation_logit_stack,0.34655170307764027,-0.0011469318549436336,10780,origin
IND,0.5044158783159817,-0.0028496561473303483,tf_ccrth_cancellation_logit_stack,0.2997212031627068,-0.0006437627889956943,45448,origin
JAX,0.518008821917155,-0.002633205939316152,tf_ccrth_cancellation_logit_stack,0.3054955774820852,-0.00026298361700932693,27657,origin
JFK,0.5818527623492394,-0.003943123449983821,tf_ccrth_cancellation_logit_stack,0.35610853815015875,-0.0007283995597977544,100462,origin
KOA,0.4054808771829086,-0.0008525040007658635,tf_ccrth_cancellation_logit_stack,0.22317228741817338,-4.403814212824986e-05,15585,origin
LAS,0.5073703413972724,-0.0006047487595335355,tf_ccrth_cancellation_logit_stack,0.31105009304423453,-2.3003816676470112e-05,173080,origin
LAX,0.4682847978748786,-0.0006168881508957225,tf_ccrth_cancellation_logit_stack,0.2798822042533635,-4.225267834917501e-05,178888,origin
LGA,0.6232534510692694,-0.007364503587128368,tf_ccrth_cancellation_logit_stack,0.3807588696767947,-0.0015111693057988096,129295,origin
LGB,0.3980680874790483,-0.00011409173576643061,tf_ccrth_cancellation_logit_stack,0.22907306464927704,-3.351878460788882e-06,16513,origin
LIH,0.42610588052530446,-0.0013902105298196354,tf_ccrth_cancellation_logit_stack,0.2396178485960405,-0.00010793635498612675,15466,origin
LIT,0.5576307308499371,-0.0033695872681133165,tf_ccrth_cancellation_logit_stack,0.33448602309257297,-0.0004056687437197226,12520,origin
MAF,0.5022223334693686,-0.00252172918856719,tf_ccrth_cancellation_logit_stack,0.2939700486714313,-0.00017413843741026502,9750,origin
MCI,0.5209795410673792,-0.0034294148614699704,tf_ccrth_cancellation_logit_stack,0.3146728722205174,-0.0007230754979828946,47217,origin
MCO,0.5384778490919481,-0.0010795899896733907,tf_ccrth_cancellation_logit_stack,0.33284782300466076,-5.329695396460998e-05,150588,origin
MDW,0.5211170205520436,-0.0019472177012601621,tf_ccrth_cancellation_logit_stack,0.3197149112065491,-0.00026661750876760815,71497,origin
MEM,0.5249736673968382,-0.0023460761954940956,tf_ccrth_cancellation_logit_stack,0.31262886806234214,-0.0004413924139131664,23500,origin
MIA,0.583786618805047,-0.001836882369523063,tf_ccrth_cancellation_logit_stack,0.36581033869396934,-0.00016017631842962787,104569,origin
MKE,0.5240414019391155,-0.003188235529204664,tf_ccrth_cancellation_logit_stack,0.31437207304686726,-0.0004663210055755318,27310,origin
MSN,0.530080076856922,-0.003135276365524242,tf_ccrth_cancellation_logit_stack,0.3160930328000229,-0.0005251042833677166,12612,origin
MSP,0.5002742593021644,-0.0011101860391560248,tf_ccrth_cancellation_logit_stack,0.30636165529518505,-0.00012822471527312862,91402,origin
MSY,0.546037888628093,-0.002866371130645917,tf_ccrth_cancellation_logit_stack,0.327815856011456,-0.00026926661871523594,50424,origin
MYR,0.5552167590607759,-0.0029300222908681395,tf_ccrth_cancellation_logit_stack,0.3264433429771871,-0.0004106999432559322,12929,origin
OAK,0.4426179003092326,-0.0003232757721810531,tf_ccrth_cancellation_logit_stack,0.2638728153019085,-1.1343156781085106e-05,33273,origin
OGG,0.4286041948092289,-0.0006671851093612569,tf_ccrth_cancellation_logit_stack,0.24228745096940463,-5.807584600417415e-05,24858,origin
OKC,0.5246173958254862,-0.0025198212510776363,tf_ccrth_cancellation_logit_stack,0.3154658277209919,-0.0003005245909088461,23776,origin
OMA,0.49322424232069473,-0.002406190585645007,tf_ccrth_cancellation_logit_stack,0.2927280783980917,-0.00037545223886187307,23836,origin
ONT,0.4561957539438209,-0.0007365730902862411,tf_ccrth_cancellation_logit_stack,0.2682326132121297,-4.365555468088811e-05,25833,origin
ORD,0.5789438202131248,-0.002937742086410622,tf_ccrth_cancellation_logit_stack,0.35861931614214027,-0.0004219378814957486,257943,origin
ORF,0.5558360832596041,-0.005237199694489436,tf_ccrth_cancellation_logit_stack,0.3304102227001951,-0.0009057640098861786,19573,origin
PBI,0.5682183911051201,-0.0029882099991035416,tf_ccrth_cancellation_logit_stack,0.3495123672529101,-0.00027556185589994175,28349,origin
PDX,0.47599297272432217,-0.00033157659817223406,tf_ccrth_cancellation_logit_stack,0.2843201149979643,-1.321634546480599e-05,58871,origin
PHL,0.6035259301230924,-0.0032367263876312835,tf_ccrth_cancellation_logit_stack,0.37165231943646854,-0.0005299636217807602,92497,origin
PHX,0.5014091519991476,-0.0005132038463425692,tf_ccrth_cancellation_logit_stack,0.3060149169413717,-2.135254834317868e-05,175652,origin
PIT,0.491294707587915,-0.0027549477042036474,tf_ccrth_cancellation_logit_stack,0.29094864217870586,-0.0005228470674008556,41531,origin
PNS,0.5456936463131009,-0.00286967747920297,tf_ccrth_cancellation_logit_stack,0.3158926249393321,-0.00029252231878440504,13723,origin
PSP,0.4807330998245425,-0.0003654353126549825,tf_ccrth_cancellation_logit_stack,0.29135327046865034,-2.7055143578424978e-05,14520,origin
PVD,0.5408610852586148,-0.004513039676527275,tf_ccrth_cancellation_logit_stack,0.3241679736647512,-0.0007815739675167688,15164,origin
PWM,0.5480112200440873,-0.004626560205070462,tf_ccrth_cancellation_logit_stack,0.3267547600964893,-0.000996744447975817,10630,origin
RDU,0.523083072993943,-0.0034072437173537917,tf_ccrth_cancellation_logit_stack,0.3125168060920891,-0.00046401983095623045,54711,origin
RIC,0.5477754581457496,-0.004303824238181431,tf_ccrth_cancellation_logit_stack,0.32854407084503745,-0.000747743786864985,17525,origin
RNO,0.4850868396931212,-0.0011713975243689556,tf_ccrth_cancellation_logit_stack,0.2857826869537108,-3.127083424470101e-05,20662,origin
ROC,0.5612712413204638,-0.0029522683570183395,tf_ccrth_cancellation_logit_stack,0.33816026968688534,-0.0004392132521444658,9914,origin
RSW,0.5140383459692885,-0.0017762690826349514,tf_ccrth_cancellation_logit_stack,0.3094885384767846,-0.0001484273989899032,33899,origin
SAN,0.5359443074942953,-0.000904452195208405,tf_ccrth_cancellation_logit_stack,0.3264225299847656,-4.342058961276374e-05,92521,origin
SAT,0.4755628298140042,-0.0013024906365144973,tf_ccrth_cancellation_logit_stack,0.28014575129921776,-0.0001293321529980962,41253,origin
SAV,0.550675589728134,-0.0033037663423293173,tf_ccrth_cancellation_logit_stack,0.32422461281895393,-0.00044491857308304184,18659,origin
SDF,0.519947501463011,-0.003994706602866049,tf_ccrth_cancellation_logit_stack,0.30393116920691415,-0.0006552540976523247,22203,origin
SEA,0.5342380856509763,-0.00033904195713585494,tf_ccrth_cancellation_logit_stack,0.3308755938014425,-1.2929423799212802e-05,145024,origin
SFO,0.4969151562422403,-0.0006274724778726481,tf_ccrth_cancellation_logit_stack,0.3029226813691923,-3.080238479286068e-05,130201,origin
SJC,0.4332634872046623,-0.00020194040510518318,tf_ccrth_cancellation_logit_stack,0.25509581233286027,1.2246769127144397e-06,45114,origin
SJU,0.5294249585092201,-0.0001686550690043198,tf_ccrth_cancellation_logit_stack,0.32539989058572827,-7.719234024983201e-06,34352,origin
SLC,0.4565250481268947,-0.0005591996157167656,tf_ccrth_cancellation_logit_stack,0.2737736831708182,-1.776703705747007e-05,95416,origin
SMF,0.4513652468803299,-0.00041487395896389057,tf_ccrth_cancellation_logit_stack,0.26926278855288155,-1.0414237863687337e-05,56514,origin
SNA,0.4890200292694697,-0.00112247189807696,tf_ccrth_cancellation_logit_stack,0.28999401492673177,-7.31710264049723e-05,42958,origin
STL,0.5168121369554117,-0.0027339655300243626,tf_ccrth_cancellation_logit_stack,0.3136986818968403,-0.00041389124365309726,62551,origin
SYR,0.5810344635084229,-0.005300217206050339,tf_ccrth_cancellation_logit_stack,0.34963263325062266,-0.0007124622457932994,9782,origin
TPA,0.5251129118462557,-0.001609077945012971,tf_ccrth_cancellation_logit_stack,0.3204697770144481,-0.0001216756687441034,77003,origin
TUL,0.5216940883947233,-0.0039685475979409635,tf_ccrth_cancellation_logit_stack,0.3074967473582178,-0.0004855952346851655,18006,origin
TUS,0.44153825348719306,-0.0012332416959695003,tf_ccrth_cancellation_logit_stack,0.25560151694026845,-8.202231206544397e-05,19884,origin
TYS,0.5820015508726716,-0.004175477783551318,tf_ccrth_cancellation_logit_stack,0.3520125571622154,-0.0007625393870733799,11396,origin
XNA,0.5625125179154595,-0.0041708379235121384,tf_ccrth_cancellation_logit_stack,0.33665379328238726,-0.00040092711516509505,12083,origin
ABQ,0.5050100196628983,0.0,flare24,0.30757508327278826,0.0,24916,destination
ALB,0.5811464042851161,0.0,flare24,0.3582140838076225,0.0,11957,destination
ANC,0.57479964725753,0.0,flare24,0.3658429333321704,0.0,12607,destination
ATL,0.506962719560514,0.0,flare24,0.2963195955171673,0.0,266417,destination
AUS,0.5271700769018859,0.0,flare24,0.3264646571341548,0.0,82354,destination
BDL,0.5515006672522841,0.0,flare24,0.3398020408239734,0.0,22812,destination
BHM,0.5689734028201574,0.0,flare24,0.342521315986912,0.0,16658,destination
BNA,0.5298691225861593,0.0,flare24,0.3242934261296746,0.0,99683,destination
BOI,0.4699684544779709,0.0,flare24,0.2875270908038913,0.0,23137,destination
BOS,0.5807290187195872,0.0,flare24,0.35915593601335716,0.0,138635,destination
BUF,0.5963954458481848,0.0,flare24,0.36845308064795235,0.0,20385,destination
BUR,0.515069397801857,0.0,flare24,0.30793787195415134,0.0,29665,destination
BWI,0.5027254638741728,0.0,flare24,0.2970677770219226,0.0,90266,destination
CHS,0.5884804558809571,0.0,flare24,0.3535734729934514,0.0,24315,destination
CLE,0.5553454429041338,0.0,flare24,0.33647706759106694,0.0,39597,destination
CLT,0.5179552389501032,0.0,flare24,0.3043239093664403,0.0,159104,destination
CMH,0.5529935596539746,0.0,flare24,0.3395118161618601,0.0,43628,destination
COS,0.5761072790525062,0.0,flare24,0.35611829057031225,0.0,13045,destination
CVG,0.5803390416806339,0.0,flare24,0.3568584799497427,0.0,30871,destination
DAL,0.5221281971795058,0.0,flare24,0.3108555854478052,0.0,65689,destination
DAY,0.6179438049730781,0.0,flare24,0.3771275773765544,0.0,7586,destination
DCA,0.669621528202002,0.0,flare24,0.4041388492599023,0.0,126909,destination
DEN,0.5221896146150127,0.0,flare24,0.3247824723449413,0.0,242679,destination
DFW,0.636796772941271,0.0,flare24,0.3782948150189939,0.0,220823,destination
DSM,0.5890492988331497,0.0,flare24,0.35483549793865354,0.0,13628,destination
DTW,0.49690077829259227,0.0,flare24,0.2978114992437082,0.0,108627,destination
ELP,0.529735364114457,0.0,flare24,0.32491478712223826,0.0,16785,destination
EWR,0.621248126762027,0.0,flare24,0.3777312053799809,0.0,113538,destination
FAT,0.49081273745793014,0.0,flare24,0.29877414465647645,0.0,13202,destination
FLL,0.5609557438522941,0.0,flare24,0.3449747946374646,0.0,81681,destination
GEG,0.49768849762775386,0.0,flare24,0.30780966530263404,0.0,17909,destination
GRR,0.568177898610779,0.0,flare24,0.349045997170723,0.0,16756,destination
GSO,0.5976609210534214,0.0,flare24,0.3561571169993002,0.0,10168,destination
GSP,0.5924416800906251,0.0,flare24,0.36045675882462164,0.0,13717,destination
HNL,0.4564869654742539,0.0,flare24,0.26644236472531757,0.0,51167,destination
HOU,0.5039724681512731,0.0,flare24,0.30439114302847164,0.0,50457,destination
HPN,0.6076436876573355,0.0,flare24,0.3692022562119057,0.0,10331,destination
IAD,0.48187233350099634,0.0,flare24,0.2880408737346125,0.0,54557,destination
IAH,0.5203330119370526,0.0,flare24,0.3122657029680195,0.0,107870,destination
ICT,0.6000021856041579,0.0,flare24,0.3661457103267939,0.0,10762,destination
IND,0.5522512814340881,0.0,flare24,0.33511582724971467,0.0,45475,destination
JAX,0.5808739154999744,0.0,flare24,0.35565961125131496,0.0,27680,destination
JFK,0.5599852278215303,0.0,flare24,0.3353009424376667,0.0,100285,destination
KOA,0.4121712425303529,0.0,flare24,0.23407214655895406,0.0,15564,destination
LAS,0.5040642962055703,0.0,flare24,0.3093469190821509,0.0,173350,destination
LAX,0.4760577625631629,0.0,flare24,0.28674162317652774,0.0,179186,destination
LGA,0.6231113012916049,0.0,flare24,0.375988821382343,0.0,129044,destination
LGB,0.44575847712370686,0.0,flare24,0.2667235638897,0.0,16524,destination
LIH,0.40254781791248995,0.0,flare24,0.22508793845498548,0.0,15453,destination
LIT,0.5855129008400364,0.0,flare24,0.3515816922186452,0.0,12514,destination
MAF,0.5520808650361952,0.0,flare24,0.3352762890918648,0.0,9750,destination
MCI,0.5474095160234127,0.0,flare24,0.33469367689239254,0.0,47193,destination
MCO,0.5413114176949211,0.0,flare24,0.33340987140023104,0.0,150336,destination
MDW,0.4971896867504809,0.0,flare24,0.29750612688253614,0.0,71436,destination
MEM,0.5785711538730305,0.0,flare24,0.3539046042008327,0.0,23521,destination
MIA,0.5528773920691883,0.0,flare24,0.3384866128327462,0.0,104647,destination
MKE,0.5649565145160071,0.0,flare24,0.3464027983902645,0.0,27335,destination
MSN,0.5915047301596139,0.0,flare24,0.364222856758352,0.0,12642,destination
MSP,0.48465853691365357,0.0,flare24,0.2932464504840753,0.0,91502,destination
MSY,0.560112664185588,0.0,flare24,0.3390051010823299,0.0,50463,destination
MYR,0.5809800810818214,0.0,flare24,0.34910862760352923,0.0,12921,destination
OAK,0.46332180984051224,0.0,flare24,0.2785552619030147,0.0,33309,destination
OGG,0.3873959838174769,0.0,flare24,0.2149931013889239,0.0,24835,destination
OKC,0.5623373963282732,0.0,flare24,0.3451060040196045,0.0,23744,destination
OMA,0.5401396338505418,0.0,flare24,0.33273188809725895,0.0,23837,destination
ONT,0.5091020045821024,0.0,flare24,0.31260153251418754,0.0,25851,destination
ORD,0.5744578454836652,0.0,flare24,0.3510350167084319,0.0,257904,destination
ORF,0.5994815146989168,0.0,flare24,0.3645011445871067,0.0,19570,destination
PBI,0.6089147255777244,0.0,flare24,0.3810714253440857,0.0,28375,destination
PDX,0.4823716265619791,0.0,flare24,0.29172759427085204,0.0,58959,destination
PHL,0.582213265564279,0.0,flare24,0.35171475768176014,0.0,92543,destination
PHX,0.5038098174621619,0.0,flare24,0.305416143101197,0.0,175773,destination
PIT,0.5448055377357087,0.0,flare24,0.33237175688959963,0.0,41573,destination
PNS,0.5887094093747564,0.0,flare24,0.3514279925191498,0.0,13714,destination
PSP,0.4854992381868499,0.0,flare24,0.2954778205742004,0.0,14532,destination
PVD,0.5758656907370918,0.0,flare24,0.35503995184658077,0.0,15168,destination
PWM,0.5676680537353187,0.0,flare24,0.34372880535242084,0.0,10653,destination
RDU,0.5528036032344561,0.0,flare24,0.3367211218971609,0.0,54761,destination
RIC,0.5847201426991768,0.0,flare24,0.3582636621422619,0.0,17536,destination
RNO,0.5052074757083082,0.0,flare24,0.30480286222334346,0.0,20609,destination
ROC,0.5977016957829939,0.0,flare24,0.3660847850180199,0.0,9899,destination
RSW,0.5409778758951828,0.0,flare24,0.33032097568748736,0.0,33874,destination
SAN,0.5635775569416864,0.0,flare24,0.35068605902749544,0.0,92512,destination
SAT,0.533746068676282,0.0,flare24,0.32799123378705836,0.0,41298,destination
SAV,0.5924728403405906,0.0,flare24,0.35625816602808014,0.0,18664,destination
SDF,0.5689466659500374,0.0,flare24,0.3407120879971127,0.0,22204,destination
SEA,0.5271624342912912,0.0,flare24,0.32230160931526014,0.0,145263,destination
SFO,0.5460869559358172,0.0,flare24,0.34164748175216153,0.0,130406,destination
SJC,0.4590532990221886,0.0,flare24,0.27583497240022287,0.0,45157,destination
SJU,0.5782783435947478,0.0,flare24,0.3696306644158296,0.0,34294,destination
SLC,0.4380886557273609,0.0,flare24,0.2601989800793052,0.0,95412,destination
SMF,0.4731852531350091,0.0,flare24,0.2879188014029765,0.0,56588,destination
SNA,0.49145111099666183,0.0,flare24,0.29268694250517974,0.0,42928,destination
STL,0.5024017924227874,0.0,flare24,0.3018600623725663,0.0,62601,destination
SYR,0.6237895564586712,0.0,flare24,0.3819962210202203,0.0,9778,destination
TPA,0.5479944922520125,0.0,flare24,0.3385846608922233,0.0,77024,destination
TUL,0.5669722102125042,0.0,flare24,0.3432758900687363,0.0,18010,destination
TUS,0.502685908643154,0.0,flare24,0.30460108199021463,0.0,19910,destination
TYS,0.6259440414630808,0.0,flare24,0.3854113617076762,0.0,11415,destination
XNA,0.5821067834085559,0.0,flare24,0.34882112163368445,0.0,12069,destination
ABQ,0.5039869726755416,-0.0010230469873566683,tf_ccrth_cancellation_logit_stack,0.30753092068055665,-4.416259223161134e-05,24916,destination
ALB,0.5769308254786171,-0.004215578806499032,tf_ccrth_cancellation_logit_stack,0.3575413914072537,-0.0006726924003687684,11957,destination
ANC,0.575153245852192,0.00035359859466199683,tf_ccrth_cancellation_logit_stack,0.3658796624297229,3.672909755253473e-05,12607,destination
ATL,0.5052824385739593,-0.0016802809865547053,tf_ccrth_cancellation_logit_stack,0.2962502274005451,-6.936811662222597e-05,266417,destination
AUS,0.526431278295764,-0.0007387986061219154,tf_ccrth_cancellation_logit_stack,0.3263788048915842,-8.585224257057211e-05,82354,destination
BDL,0.5491740966413051,-0.002326570610978962,tf_ccrth_cancellation_logit_stack,0.33934569027113204,-0.00045635055284137804,22812,destination
BHM,0.5647682484420575,-0.0042051543780998735,tf_ccrth_cancellation_logit_stack,0.34191628312341055,-0.0006050328635014424,16658,destination
BNA,0.5278694665564944,-0.001999656029664898,tf_ccrth_cancellation_logit_stack,0.3240368411064771,-0.00025658502319747534,99683,destination
BOI,0.46968195438621685,-0.00028650009175407165,tf_ccrth_cancellation_logit_stack,0.28751469416939307,-1.2396634498257342e-05,23137,destination
BOS,0.5780197657402668,-0.0027092529793203424,tf_ccrth_cancellation_logit_stack,0.3586874196545849,-0.00046851635877226405,138635,destination
BUF,0.5915198363107607,-0.004875609537424164,tf_ccrth_cancellation_logit_stack,0.3673044112680789,-0.001148669379873457,20385,destination
BUR,0.5137150479044367,-0.0013543498974203372,tf_ccrth_cancellation_logit_stack,0.30784691942165404,-9.095253249730151e-05,29665,destination
BWI,0.500153949513956,-0.0025715143602168533,tf_ccrth_cancellation_logit_stack,0.29688308637857985,-0.0001846906433427553,90266,destination
CHS,0.5841687850047873,-0.004311670876169793,tf_ccrth_cancellation_logit_stack,0.35308183656732106,-0.0004916364261303152,24315,destination
CLE,0.553026105591788,-0.0023193373123457928,tf_ccrth_cancellation_logit_stack,0.33602947970673946,-0.00044758788432747165,39597,destination
CLT,0.5156691753307687,-0.0022860636193344774,tf_ccrth_cancellation_logit_stack,0.30416279136774765,-0.00016111799869267251,159104,destination
CMH,0.5507257102853353,-0.0022678493686392187,tf_ccrth_cancellation_logit_stack,0.3390378802302233,-0.00047393593163680414,43628,destination
COS,0.5745950782979946,-0.001512200754511639,tf_ccrth_cancellation_logit_stack,0.3559819327182858,-0.00013635785202642525,13045,destination
CVG,0.5776241755399816,-0.0027148661406523056,tf_ccrth_cancellation_logit_stack,0.3564674375669101,-0.00039104238283260706,30871,destination
DAL,0.5194915163468325,-0.0026366808326732105,tf_ccrth_cancellation_logit_stack,0.31061058793480023,-0.0002449975130049964,65689,destination
DAY,0.6131777605688298,-0.004766044404248326,tf_ccrth_cancellation_logit_stack,0.37634613054966176,-0.0007814468268926289,7586,destination
DCA,0.659836663829176,-0.009784864372825997,tf_ccrth_cancellation_logit_stack,0.40233944456580406,-0.0017994046940982278,126909,destination
DEN,0.5217865780576424,-0.0004030365573702843,tf_ccrth_cancellation_logit_stack,0.32476876733067883,-1.3705014262455073e-05,242679,destination
DFW,0.6327699130027984,-0.004026859938472627,tf_ccrth_cancellation_logit_stack,0.37797366017333994,-0.00032115484565398145,220823,destination
DSM,0.5850864310649899,-0.003962867768159795,tf_ccrth_cancellation_logit_stack,0.3542462164734715,-0.0005892814651820566,13628,destination
DTW,0.4956954799981468,-0.0012052982944454893,tf_ccrth_cancellation_logit_stack,0.29762344630830706,-0.00018805293540113954,108627,destination
ELP,0.5286490596284608,-0.0010863044859962256,tf_ccrth_cancellation_logit_stack,0.3248658413165497,-4.8945805688538346e-05,16785,destination
EWR,0.6146756047967296,-0.006572521965297451,tf_ccrth_cancellation_logit_stack,0.37654566771909975,-0.0011855376608811419,113538,destination
FAT,0.4901468125883747,-0.0006659248695554121,tf_ccrth_cancellation_logit_stack,0.2988287927370876,5.4648080611174876e-05,13202,destination
FLL,0.5591738639644726,-0.0017818798878215247,tf_ccrth_cancellation_logit_stack,0.34472702422377804,-0.0002477704136865655,81681,destination
GEG,0.49733482454090927,-0.00035367308684458587,tf_ccrth_cancellation_logit_stack,0.30778798345449376,-2.168184814027585e-05,17909,destination
GRR,0.5649173605515977,-0.0032605380591813615,tf_ccrth_cancellation_logit_stack,0.34837556160259225,-0.0006704355681307339,16756,destination
GSO,0.5914466448228202,-0.006214276230601223,tf_ccrth_cancellation_logit_stack,0.35510347883442683,-0.0010536381648733606,10168,destination
GSP,0.5868256840353333,-0.005615996055291839,tf_ccrth_cancellation_logit_stack,0.3594425525906591,-0.0010142062339625335,13717,destination
HNL,0.4558210793939332,-0.000665886080320699,tf_ccrth_cancellation_logit_stack,0.2663666420366143,-7.572268870326138e-05,51167,destination
HOU,0.502550348785598,-0.0014221193656750453,tf_ccrth_cancellation_logit_stack,0.30416240949566825,-0.00022873353280339348,50457,destination
HPN,0.6000335249676384,-0.007610162689697053,tf_ccrth_cancellation_logit_stack,0.36793979178455877,-0.0012624644273469543,10331,destination
IAD,0.4806066826871804,-0.0012656508138159661,tf_ccrth_cancellation_logit_stack,0.28780690727254704,-0.00023396646206547134,54557,destination
IAH,0.5194722113275247,-0.0008608006095278675,tf_ccrth_cancellation_logit_stack,0.31214947121589426,-0.00011623175212521764,107870,destination
ICT,0.5957870749076991,-0.004215110696458746,tf_ccrth_cancellation_logit_stack,0.36569022486481007,-0.0004554854619838178,10762,destination
IND,0.5490672844277555,-0.0031839970063325396,tf_ccrth_cancellation_logit_stack,0.3344365400399039,-0.0006792872098107527,45475,destination
JAX,0.5784269687918406,-0.0024469467081337237,tf_ccrth_cancellation_logit_stack,0.3554148473912693,-0.0002447638600456825,27680,destination
JFK,0.5560070636392194,-0.003978164182310895,tf_ccrth_cancellation_logit_stack,0.3345480836512364,-0.0007528587864303327,100285,destination
KOA,0.41090440089560254,-0.001266841634750382,tf_ccrth_cancellation_logit_stack,0.23398780793866084,-8.433862029322281e-05,15564,destination
LAS,0.5035379193571503,-0.0005263768484199405,tf_ccrth_cancellation_logit_stack,0.3093139838299559,-3.293525219499882e-05,173350,destination
LAX,0.47538372703365755,-0.0006740355295053457,tf_ccrth_cancellation_logit_stack,0.2867008938660167,-4.072931051102291e-05,179186,destination
LGA,0.6160009899554558,-0.007110311336149033,tf_ccrth_cancellation_logit_stack,0.37450358990866656,-0.0014852314736764627,129044,destination
LGB,0.4457207459650087,-3.7731158698151024e-05,tf_ccrth_cancellation_logit_stack,0.2666978933628715,-2.5670526828502904e-05,16524,destination
LIH,0.40185144202517903,-0.0006963758873109183,tf_ccrth_cancellation_logit_stack,0.22502484706615658,-6.309138882890086e-05,15453,destination
LIT,0.5806735991116881,-0.004839301728348233,tf_ccrth_cancellation_logit_stack,0.35103471718069595,-0.0005469750379492599,12514,destination
MAF,0.5500933730688704,-0.0019874919673248392,tf_ccrth_cancellation_logit_stack,0.3351119959951386,-0.00016429309672622017,9750,destination
MCI,0.5440578959912226,-0.003351620032190139,tf_ccrth_cancellation_logit_stack,0.33415134748213793,-0.0005423294102546161,47193,destination
MCO,0.5403483767285009,-0.0009630409664201922,tf_ccrth_cancellation_logit_stack,0.3333425764187257,-6.729498150531699e-05,150336,destination
MDW,0.4953354976940296,-0.0018541890564512942,tf_ccrth_cancellation_logit_stack,0.2972573291535725,-0.0002487977289636345,71436,destination
MEM,0.5747835444547229,-0.0037876094183075804,tf_ccrth_cancellation_logit_stack,0.35325736049204,-0.0006472437087927108,23521,destination
MIA,0.5512116108990358,-0.0016657811701524805,tf_ccrth_cancellation_logit_stack,0.33829682734846134,-0.00018978548428488784,104647,destination
MKE,0.5617317148750912,-0.003224799640915932,tf_ccrth_cancellation_logit_stack,0.3458004495444849,-0.0006023488457795878,27335,destination
MSN,0.5874574908713673,-0.0040472392882465735,tf_ccrth_cancellation_logit_stack,0.36329742881959837,-0.0009254279387536091,12642,destination
MSP,0.48373540357703737,-0.0009231333366161998,tf_ccrth_cancellation_logit_stack,0.29309441732784297,-0.00015203315623235625,91502,destination
MSY,0.5582808104184682,-0.0018318537671198065,tf_ccrth_cancellation_logit_stack,0.33878392315287287,-0.0002211779294570282,50463,destination
MYR,0.5777674253594269,-0.0032126557223944863,tf_ccrth_cancellation_logit_stack,0.3486248708578824,-0.0004837567456468239,12921,destination
OAK,0.46270093317068217,-0.0006208766698300727,tf_ccrth_cancellation_logit_stack,0.27854896881035257,-6.293092662146282e-06,33309,destination
OGG,0.38680771079516024,-0.0005882730223166766,tf_ccrth_cancellation_logit_stack,0.21494768304403142,-4.5418344892494966e-05,24835,destination
OKC,0.5599097688659878,-0.00242762746228542,tf_ccrth_cancellation_logit_stack,0.3448204885328778,-0.00028551548672672844,23744,destination
OMA,0.5380614353923093,-0.0020781984582324275,tf_ccrth_cancellation_logit_stack,0.33244502617419913,-0.0002868619230598224,23837,destination
ONT,0.5082034878642022,-0.0008985167179001996,tf_ccrth_cancellation_logit_stack,0.3125935560924434,-7.976421744160245e-06,25851,destination
ORD,0.5715208147207973,-0.002937030762867887,tf_ccrth_cancellation_logit_stack,0.35060889259964867,-0.00042612410878323237,257904,destination
ORF,0.5942036426959281,-0.005277872002988682,tf_ccrth_cancellation_logit_stack,0.3637249689757861,-0.0007761756113205953,19570,destination
PBI,0.6066684368319513,-0.0022462887457731506,tf_ccrth_cancellation_logit_stack,0.38079576377879115,-0.00027566156529457153,28375,destination
PDX,0.48201278770115347,-0.00035883886082566097,tf_ccrth_cancellation_logit_stack,0.2917277020553384,1.077844863361932e-07,58959,destination
PHL,0.5788337268942496,-0.0033795386700293806,tf_ccrth_cancellation_logit_stack,0.3513205397252219,-0.000394217956538212,92543,destination
PHX,0.50335309031285,-0.0004567271493118863,tf_ccrth_cancellation_logit_stack,0.3053828654322043,-3.327766899274831e-05,175773,destination
PIT,0.5420664913306814,-0.0027390464050273122,tf_ccrth_cancellation_logit_stack,0.3317358071136204,-0.0006359497759792498,41573,destination
PNS,0.5856306227638434,-0.003078786610912987,tf_ccrth_cancellation_logit_stack,0.3511427271088109,-0.0002852654103389085,13714,destination
PSP,0.484976403860299,-0.000522834326550925,tf_ccrth_cancellation_logit_stack,0.29545159670502263,-2.6223869177777193e-05,14532,destination
PVD,0.5721313530952732,-0.0037343376418186303,tf_ccrth_cancellation_logit_stack,0.35439120815111125,-0.0006487436954695225,15168,destination
PWM,0.5618664793514954,-0.005801574383823338,tf_ccrth_cancellation_logit_stack,0.3425555446552396,-0.0011732606971812665,10653,destination
RDU,0.5498529286396647,-0.0029506745947913693,tf_ccrth_cancellation_logit_stack,0.3362476505230368,-0.00047347137412412366,54761,destination
RIC,0.5810073178096253,-0.0037128248895514915,tf_ccrth_cancellation_logit_stack,0.3577028321136896,-0.0005608300285723233,17536,destination
RNO,0.5042539653922636,-0.0009535103160445146,tf_ccrth_cancellation_logit_stack,0.30480147102207916,-1.391201264300257e-06,20609,destination
ROC,0.5926590618165395,-0.005042633966454435,tf_ccrth_cancellation_logit_stack,0.3649915901288216,-0.0010931948891982901,9899,destination
RSW,0.539746904087652,-0.001230971807530734,tf_ccrth_cancellation_logit_stack,0.33017258522843573,-0.0001483904590516283,33874,destination
SAN,0.562968380104451,-0.0006091768372353812,tf_ccrth_cancellation_logit_stack,0.3506494777822099,-3.6581245285549624e-05,92512,destination
SAT,0.5325331704281049,-0.0012128982481771633,tf_ccrth_cancellation_logit_stack,0.32788067259007314,-0.00011056119698521494,41298,destination
SAV,0.5886459874917352,-0.003826852848855311,tf_ccrth_cancellation_logit_stack,0.3558743929585289,-0.0003837730695512298,18664,destination
SDF,0.5651965983996459,-0.0037500675503915337,tf_ccrth_cancellation_logit_stack,0.3400910736341106,-0.0006210143630021037,22204,destination
SEA,0.5269524956365256,-0.0002099386547655957,tf_ccrth_cancellation_logit_stack,0.3222822913722876,-1.931794297255207e-05,145263,destination
SFO,0.545340999660356,-0.000745956275461257,tf_ccrth_cancellation_logit_stack,0.3416276237440818,-1.9858008079742806e-05,130406,destination
SJC,0.4585787887343464,-0.0004745102878422336,tf_ccrth_cancellation_logit_stack,0.27582451362052873,-1.0458779694133558e-05,45157,destination
SJU,0.5778690799046037,-0.0004092636901441571,tf_ccrth_cancellation_logit_stack,0.36954655860588165,-8.410580994794303e-05,34294,destination
SLC,0.4376446976111988,-0.000443958116162102,tf_ccrth_cancellation_logit_stack,0.26019186963288915,-7.110446416047633e-06,95412,destination
SMF,0.47271226326228394,-0.00047298987272514914,tf_ccrth_cancellation_logit_stack,0.28790198641239917,-1.68149905773185e-05,56588,destination
SNA,0.4905453955007699,-0.0009057154958919122,tf_ccrth_cancellation_logit_stack,0.2926437290451875,-4.32134599922529e-05,42928,destination
STL,0.4995139130838993,-0.0028878793388880664,tf_ccrth_cancellation_logit_stack,0.3014327591709136,-0.00042730320165268454,62601,destination
SYR,0.6173530201307391,-0.006436536327932063,tf_ccrth_cancellation_logit_stack,0.38051386798735337,-0.0014823530328669232,9778,destination
TPA,0.5467159938901194,-0.0012784983618930879,tf_ccrth_cancellation_logit_stack,0.3384693189345137,-0.00011534195770956934,77024,destination
TUL,0.5637901750961956,-0.003182035116308657,tf_ccrth_cancellation_logit_stack,0.3429451314873244,-0.00033075858141190517,18010,destination
TUS,0.5015218665031406,-0.0011640421400134215,tf_ccrth_cancellation_logit_stack,0.304515963039145,-8.51189510696071e-05,19910,destination
TYS,0.6213005214109701,-0.004643520052110661,tf_ccrth_cancellation_logit_stack,0.3847333343367765,-0.0006780273708997253,11415,destination
XNA,0.5768620035538046,-0.005244779854751358,tf_ccrth_cancellation_logit_stack,0.34822936392545917,-0.0005917577082252823,12069,destination
